id,food,region,typical_in,source,source_id,source_description,values_are,energy_kcal,protein_g,carbs_g,fibre_g,sugar_g,fat_g,saturated_fat_g,sodium_mg,omega3_epa_dha_g,score_longevity,score_weight_loss,score_protein,score_pre_workout,verification_status,data_note
IN001,Amaranth seed (rajgira),South Asia,India,IFCT 2017 (ICMR-NIN),A001,"Amaranth seed, black",Raw / as sold,356.1,14.59,59.98,7.02,0.88,5.74,1.28,2.7,0.0,72,54,46,76,Verified,
IN002,Bajra (pearl millet),South Asia,India,IFCT 2017 (ICMR-NIN),A003,Bajra,Raw / as sold,348.0,10.96,61.78,11.49,0.81,5.43,0.88,4.11,0.0,76,59,37,74,Verified,
IN003,Barley,South Asia,India,IFCT 2017 (ICMR-NIN),A004,Barley,Raw / as sold,315.7,10.94,61.29,15.64,0.06,1.3,0.23,7.56,0.0,72,65,37,79,Verified,
IN004,Jowar (sorghum),South Asia,India,IFCT 2017 (ICMR-NIN),A005,Jowar,Raw / as sold,334.1,9.97,67.68,10.22,1.27,1.73,0.16,5.42,0.0,72,58,34,78,Verified,
IN005,"Maize, dry",South Asia,India,IFCT 2017 (ICMR-NIN),A006,"Maize, dry",Raw / as sold,334.1,8.8,64.77,12.24,1.66,3.77,0.41,4.44,0.0,77,61,31,75,Verified,
IN006,Sweet corn,South Asia,India,IFCT 2017 (ICMR-NIN),A008,"Maize, tender, sweet",Raw / as sold,96.8,4.16,16.42,3.3,4.67,1.35,0.12,2.23,0.0,67,82,23,50,Verified,
IN007,Ragi (finger millet),South Asia,India,IFCT 2017 (ICMR-NIN),A010,Ragi,Raw / as sold,320.7,7.16,66.82,11.18,0.34,1.92,0.32,4.75,0.0,72,60,27,76,Verified,
IN008,Poha (flattened rice),South Asia,India,IFCT 2017 (ICMR-NIN),A011,"Rice, flakes",Raw / as sold,353.7,7.44,76.75,3.46,0.34,1.14,0.28,2.58,0.0,43,39,24,82,Verified,
IN009,Brown rice,South Asia,India,IFCT 2017 (ICMR-NIN),A013,"Rice, raw, brown",Raw / as sold,353.7,9.16,74.8,4.43,0.69,1.24,0.35,3.64,0.0,67,49,31,84,Verified,
IN010,Parboiled rice,South Asia,India,IFCT 2017 (ICMR-NIN),A014,"Rice, parboiled, milled",Raw / as sold,351.6,7.81,77.16,3.74,0.67,0.55,0.15,3.16,0.0,44,39,25,83,Verified,
IN011,White rice,South Asia,India,IFCT 2017 (ICMR-NIN),A015,"Rice, raw, milled",Raw / as sold,356.4,7.94,78.24,2.81,0.69,0.52,0.18,2.34,0.0,43,38,25,85,Verified,
IN012,Samai (little millet),South Asia,India,IFCT 2017 (ICMR-NIN),A016,Samai,Raw / as sold,346.3,10.13,65.55,7.72,0.37,3.89,0.59,4.77,0.0,73,55,34,76,Verified,
IN013,Varagu (kodo millet),South Asia,India,IFCT 2017 (ICMR-NIN),A017,Varagu,Raw / as sold,331.7,8.92,66.19,6.39,1.29,2.55,0.25,3.35,0.0,68,54,31,79,Verified,
IN014,Maida (refined wheat flour),South Asia,India,IFCT 2017 (ICMR-NIN),A018,"Wheat flour, refined",Raw / as sold,351.8,10.36,74.27,2.76,1.79,0.76,0.1,1.54,0.0,43,39,32,86,Verified,
IN015,Atta (whole wheat flour),South Asia,India,IFCT 2017 (ICMR-NIN),A019,"Wheat flour, atta",Raw / as sold,320.3,10.57,64.17,11.36,1.8,1.53,0.21,2.04,0.0,72,61,36,79,Verified,
IN016,"Wheat, whole",South Asia,India,IFCT 2017 (ICMR-NIN),A020,"Wheat, whole",Raw / as sold,321.9,10.59,64.72,11.23,1.77,1.47,0.19,2.5,0.0,72,60,36,79,"Verified, with explanation",
IN017,Dalia (broken wheat),South Asia,India,IFCT 2017 (ICMR-NIN),A021,"Wheat, bulgur",Raw / as sold,341.8,10.84,69.06,8.81,1.2,1.45,0.2,2.09,0.0,71,56,36,79,Verified,
IN018,Sooji (semolina),South Asia,India,IFCT 2017 (ICMR-NIN),A022,"Wheat, semolina",Raw / as sold,333.7,11.38,68.43,9.72,1.65,0.74,0.09,2.31,0.0,50,49,36,78,Verified,
IN019,Vermicelli (seviyan),South Asia,India,IFCT 2017 (ICMR-NIN),A023,"Wheat, vermicelli",Raw / as sold,332.7,9.7,70.39,9.28,1.68,0.45,0.06,2.71,0.0,49,48,31,78,Verified,
IN020,Chana dal,South Asia,India,IFCT 2017 (ICMR-NIN),B001,"Bengal gram, dal",Raw / as sold,329.1,21.55,46.72,15.15,1.03,5.31,0.47,20.83,0.0,86,70,67,67,Verified,
IN021,Kala chana (black chickpeas),South Asia,India,IFCT 2017 (ICMR-NIN),B002,"Bengal gram, whole",Raw / as sold,287.0,18.77,39.56,25.22,0.99,5.11,0.45,26.56,0.0,87,86,61,62,Verified,
IN022,Urad dal,South Asia,India,IFCT 2017 (ICMR-NIN),B003,"Black gram, dal",Raw / as sold,324.1,23.06,51.0,11.93,0.84,1.69,0.28,18.88,0.0,82,68,71,75,Verified,
IN023,"Urad, whole",South Asia,India,IFCT 2017 (ICMR-NIN),B004,"Black gram, whole",Raw / as sold,291.3,21.97,43.99,20.41,0.45,1.58,0.26,26.8,0.0,82,80,69,70,Verified,
IN024,"Lobia (cowpea, brown)",South Asia,India,IFCT 2017 (ICMR-NIN),B005,"Cowpea, brown",Raw / as sold,320.3,20.36,54.62,11.54,1.6,1.15,0.28,13.68,0.0,82,67,64,79,Verified,
IN025,Moong dal,South Asia,India,IFCT 2017 (ICMR-NIN),B010,"Green gram, dal",Raw / as sold,325.8,23.88,52.59,9.37,0.95,1.35,0.25,10.14,0.0,82,66,73,77,Verified,
IN026,"Moong, whole",South Asia,India,IFCT 2017 (ICMR-NIN),B011,"Green gram, whole",Raw / as sold,293.7,22.53,46.13,17.04,0.54,1.14,0.27,12.48,0.0,82,77,71,73,Verified,
IN027,Kulthi (horse gram),South Asia,India,IFCT 2017 (ICMR-NIN),B012,"Horse gram, whole",Raw / as sold,329.6,21.73,57.24,7.88,0.35,0.62,0.14,12.14,0.0,80,63,67,82,Verified,
IN028,Masoor dal,South Asia,India,IFCT 2017 (ICMR-NIN),B013,"Lentil, dal",Raw / as sold,322.4,24.35,52.53,10.43,1.95,0.75,0.09,10.27,0.0,81,66,74,78,Verified,
IN029,"Masoor, whole",South Asia,India,IFCT 2017 (ICMR-NIN),B014,"Lentil, whole, brown",Raw / as sold,299.0,22.49,48.47,16.82,1.63,0.64,0.08,11.2,0.0,82,75,70,75,Verified,
IN030,Moth bean,South Asia,India,IFCT 2017 (ICMR-NIN),B016,Moth bean,Raw / as sold,308.6,19.75,52.09,15.12,1.36,1.76,0.43,26.34,0.0,82,72,62,76,Verified,
IN031,Dry peas (matar),South Asia,India,IFCT 2017 (ICMR-NIN),B017,"Peas, dry",Raw / as sold,303.3,20.43,48.93,17.01,2.03,1.89,0.24,23.4,0.0,82,74,64,74,Verified,
IN032,Rajma (red kidney beans),South Asia,India,IFCT 2017 (ICMR-NIN),B020,"Rajmah, red",Raw / as sold,299.2,19.91,48.61,16.57,1.52,1.77,0.26,10.45,0.0,82,75,63,74,Verified,
IN033,Toor dal,South Asia,India,IFCT 2017 (ICMR-NIN),B021,"Red gram, dal",Raw / as sold,330.8,21.7,55.23,9.06,2.08,1.56,0.26,18.01,0.0,81,63,67,79,Verified,
IN034,"Toor, whole",South Asia,India,IFCT 2017 (ICMR-NIN),B022,"Red gram, whole",Raw / as sold,273.9,20.47,42.48,22.84,1.3,1.38,0.28,19.03,0.0,82,85,66,69,Verified,
IN035,Rice bean,South Asia,India,IFCT 2017 (ICMR-NIN),B023,Ricebean,Raw / as sold,302.3,19.97,51.26,13.37,1.33,0.74,0.17,10.62,0.0,82,71,63,77,Verified,
IN036,Soybean,South Asia,India,IFCT 2017 (ICMR-NIN),B025,"Soya bean, white",Raw / as sold,377.4,37.8,10.16,22.63,2.2,19.42,3.0,2.83,0.0,86,70,81,25,Verified,
IN037,"Green peas, fresh",South Asia,India,IFCT 2017 (ICMR-NIN),D061,"Peas, fresh",Raw / as sold,81.3,7.25,11.88,6.32,0.97,0.13,0.02,3.66,0.0,82,93,40,47,Verified,
IN038,Kabuli chana (chickpeas),South Asia,India,USDA SR28,16056,"Chickpeas (garbanzo beans, bengal gram), mature seeds, raw",Raw,378.0,20.47,50.75,12.2,10.7,6.04,0.6,24.0,0.0,83,57,62,69,Verified,
IN039,Chaulai (green amaranth leaves),South Asia,India,IFCT 2017 (ICMR-NIN),C002,"Amaranth leaves, green",Raw / as sold,30.6,3.29,2.28,4.41,0.32,0.65,0.19,16.08,0.0,87,95,35,40,Verified,
IN040,Lal saag (red amaranth leaves),South Asia,India,IFCT 2017 (ICMR-NIN),C003,"Amaranth leaves, red",Raw / as sold,33.5,3.93,2.37,4.91,0.28,0.63,0.21,14.58,0.0,87,95,38,40,Verified,
IN041,Poi saag (basella),South Asia,India,IFCT 2017 (ICMR-NIN),C007,Basella leaves,Raw / as sold,19.6,1.57,2.01,2.21,0.02,0.45,0.1,18.74,0.0,86,94,26,43,Verified,
IN042,Bathua,South Asia,India,IFCT 2017 (ICMR-NIN),C008,Bathua leaves,Raw / as sold,27.7,2.5,2.56,4.01,0.52,0.44,0.12,10.75,0.0,87,95,30,41,Verified,
IN043,Cabbage,South Asia,India,IFCT 2017 (ICMR-NIN),C015,"Cabbage, green",Raw / as sold,21.5,1.36,3.25,2.76,1.0,0.12,0.05,14.98,0.0,85,94,23,43,Verified,
IN044,Arbi leaves (colocasia),South Asia,India,IFCT 2017 (ICMR-NIN),C018,"Colocasia leaves, green",Raw / as sold,43.5,3.42,3.69,5.6,0.63,1.38,0.43,12.08,0.0,86,94,30,38,Verified,
IN045,Drumstick leaves (moringa),South Asia,India,IFCT 2017 (ICMR-NIN),C019,Drumstick leaves,Raw / as sold,67.4,6.41,5.62,8.21,0.02,1.64,0.56,9.34,0.0,87,95,40,37,"Verified, with explanation",
IN046,Methi leaves (fenugreek),South Asia,India,IFCT 2017 (ICMR-NIN),C020,Fenugreek leaves,Raw / as sold,34.4,3.68,2.17,4.9,0.88,0.83,0.2,47.01,0.0,86,94,36,39,Verified,
IN047,Gongura (roselle leaves),South Asia,India,IFCT 2017 (ICMR-NIN),C022,"Gogu leaves, green stem",Raw / as sold,36.3,1.86,4.06,4.59,0.01,1.09,0.24,12.34,0.0,85,94,22,39,Verified,
IN048,Lettuce,South Asia,India,IFCT 2017 (ICMR-NIN),C025,Lettuce,Raw / as sold,21.7,1.54,3.01,1.79,0.22,0.27,0.12,17.53,0.0,86,94,25,44,Verified,
IN049,Sarson saag (mustard leaves),South Asia,India,IFCT 2017 (ICMR-NIN),C026,Mustard leaves,Raw / as sold,30.4,3.52,2.41,3.92,0.04,0.51,0.14,19.14,0.0,87,95,37,41,Verified,
IN050,Mooli leaves (radish greens),South Asia,India,IFCT 2017 (ICMR-NIN),C031,Radish leaves,Raw / as sold,26.1,2.22,2.77,1.82,0.29,0.51,0.15,17.39,0.0,86,94,29,44,Verified,
IN051,Spinach (palak),South Asia,India,IFCT 2017 (ICMR-NIN),C033,Spinach,Raw / as sold,24.4,2.14,2.05,2.38,0.24,0.64,0.18,42.55,0.0,86,94,29,42,Verified,
IN052,Ash gourd (petha),South Asia,India,IFCT 2017 (ICMR-NIN),D001,Ash gourd,Raw / as sold,17.4,0.79,2.84,3.37,0.19,0.14,0.02,0.77,0.0,83,93,17,41,Verified,
IN053,Bamboo shoot,South Asia,India,IFCT 2017 (ICMR-NIN),D002,"Bamboo shoot, tender",Raw / as sold,16.3,1.33,1.67,1.55,0.09,0.35,0.04,1.12,0.0,84,94,23,43,Verified,
IN054,Bitter gourd (karela),South Asia,India,IFCT 2017 (ICMR-NIN),D004,"Bitter gourd, jagged, teeth ridges, elongate",Raw / as sold,20.8,1.44,2.82,3.78,0.04,0.24,0.14,13.09,0.0,84,94,24,41,Verified,
IN055,Bottle gourd (lauki),South Asia,India,IFCT 2017 (ICMR-NIN),D007,"Bottle gourd, elongate, pale green",Raw / as sold,11.0,0.53,1.68,2.12,0.36,0.13,0.04,1.46,0.0,82,93,14,42,Verified,
IN056,Broad beans (sem),South Asia,India,IFCT 2017 (ICMR-NIN),D032,Broad beans,Raw / as sold,29.4,3.85,2.11,8.63,1.22,0.15,0.04,20.74,0.0,80,92,40,34,Verified,
IN057,Brinjal (eggplant),South Asia,India,IFCT 2017 (ICMR-NIN),D031,Brinjal - all varieties,Raw / as sold,25.3,1.48,3.52,3.98,0.97,0.32,0.07,3.55,0.0,82,93,22,41,Verified,
IN058,"Capsicum, green",South Asia,India,IFCT 2017 (ICMR-NIN),D033,"Capsicum, green",Raw / as sold,16.3,1.11,1.84,2.06,0.86,0.34,0.08,1.84,0.0,82,93,21,42,Verified,
IN059,Cauliflower,South Asia,India,IFCT 2017 (ICMR-NIN),D036,Cauliflower,Raw / as sold,22.9,2.15,2.03,3.71,0.47,0.44,0.12,30.72,0.0,85,94,30,40,Verified,
IN060,Cluster beans (gavar),South Asia,India,IFCT 2017 (ICMR-NIN),D039,Cluster beans,Raw / as sold,40.2,3.55,4.91,4.83,0.12,0.37,0.11,4.05,0.0,82,93,32,41,Verified,
IN061,Baby corn,South Asia,India,IFCT 2017 (ICMR-NIN),D042,"Corn, baby",Raw / as sold,73.1,2.69,11.66,6.09,0.49,1.33,0.21,1.4,0.0,68,87,19,41,Verified,
IN062,Cucumber,South Asia,India,IFCT 2017 (ICMR-NIN),D043,"Cucumber, green, elongate",Raw / as sold,19.6,0.71,3.48,2.14,0.27,0.16,0.06,6.33,0.0,82,93,16,43,Verified,
IN063,Drumstick (moringa pods),South Asia,India,IFCT 2017 (ICMR-NIN),D046,Drumstick,Raw / as sold,29.4,2.62,3.76,6.83,1.47,0.12,0.03,22.38,0.0,84,94,30,37,"Verified, with explanation",
IN064,"Avarekai (field beans, tender)",South Asia,India,IFCT 2017 (ICMR-NIN),D047,"Field beans, tender, broad",Raw / as sold,30.8,3.06,2.75,5.64,0.95,0.64,0.18,14.14,0.0,81,92,33,38,Verified,
IN065,French beans,South Asia,India,IFCT 2017 (ICMR-NIN),D049,"French beans, country",Raw / as sold,24.4,2.49,2.68,4.38,1.06,0.26,0.07,8.84,0.0,80,92,32,40,Verified,
IN066,Raw jackfruit,South Asia,India,IFCT 2017 (ICMR-NIN),D051,"Jack fruit, raw",Raw / as sold,26.3,1.98,3.48,7.69,2.02,0.35,0.05,3.53,0.0,82,93,26,34,Verified,
IN067,Jackfruit seeds,South Asia,India,IFCT 2017 (ICMR-NIN),D052,"Jack fruit, seeds, mature",Raw / as sold,77.0,5.79,11.81,8.63,2.23,0.44,0.15,4.0,0.0,58,83,32,40,Verified,
IN068,Knol-khol (kohlrabi),South Asia,India,IFCT 2017 (ICMR-NIN),D053,Knol - Khol,Raw / as sold,16.0,1.58,1.39,2.75,0.43,0.35,0.1,27.46,0.0,84,94,26,41,Verified,
IN069,Tindora (ivy gourd),South Asia,India,IFCT 2017 (ICMR-NIN),D054,"Kovai, big",Raw / as sold,17.4,1.39,2.01,3.0,0.98,0.24,0.07,1.53,0.0,83,93,24,41,Verified,
IN070,Okra (bhindi),South Asia,India,IFCT 2017 (ICMR-NIN),D056,Ladies finger,Raw / as sold,27.5,2.08,3.62,4.08,0.48,0.22,0.07,7.37,0.0,84,94,27,41,Verified,
IN071,Raw mango,South Asia,India,IFCT 2017 (ICMR-NIN),D057,"Mango, green, raw",Raw / as sold,49.0,0.69,10.59,3.01,2.42,0.08,0.03,33.15,0.0,81,92,12,47,Verified,
IN072,Spring onion,South Asia,India,IFCT 2017 (ICMR-NIN),D058,"Onion, stalk",Raw / as sold,25.6,2.07,2.99,5.21,0.41,0.26,0.09,15.52,0.0,84,94,27,39,Verified,
IN073,Parwal (pointed gourd),South Asia,India,IFCT 2017 (ICMR-NIN),D060,Parwar,Raw / as sold,24.1,1.4,3.54,2.61,0.37,0.3,0.1,2.29,0.0,83,93,22,43,Verified,
IN074,Banana flower,South Asia,India,IFCT 2017 (ICMR-NIN),D062,"Plantain, flower",Raw / as sold,21.3,1.47,2.15,5.25,0.17,0.63,0.27,7.51,0.0,84,94,24,37,Verified,
IN075,Raw banana (plantain),South Asia,India,IFCT 2017 (ICMR-NIN),D063,"Plantain, green",Raw / as sold,79.8,1.18,17.58,3.6,0.86,0.23,0.06,18.57,0.0,57,83,11,49,Verified,
IN076,Banana stem,South Asia,India,IFCT 2017 (ICMR-NIN),D064,"Plantain, stem",Raw / as sold,39.4,0.35,8.64,2.12,0.65,0.16,0.03,23.17,0.0,81,92,10,47,Verified,
IN077,Pumpkin (kaddu),South Asia,India,IFCT 2017 (ICMR-NIN),D066,"Pumpkin, orange, round",Raw / as sold,23.2,0.84,4.0,2.56,2.97,0.16,0.04,8.81,0.0,80,92,16,43,Verified,
IN078,Ridge gourd (turai),South Asia,India,IFCT 2017 (ICMR-NIN),D068,Ridge gourd,Raw / as sold,13.1,0.91,1.72,1.81,0.62,0.14,0.05,4.71,0.0,82,93,18,43,Verified,
IN079,Snake gourd,South Asia,India,IFCT 2017 (ICMR-NIN),D070,"Snake gourd, long, pale green",Raw / as sold,12.4,0.98,1.27,2.27,0.42,0.25,0.1,7.07,0.0,83,93,19,42,Verified,
IN080,Tinda (round gourd),South Asia,India,IFCT 2017 (ICMR-NIN),D073,"Tinda, tender",Raw / as sold,13.9,1.02,1.9,2.0,0.44,0.17,0.05,20.61,0.0,83,93,20,43,Verified,
IN081,Tomato,South Asia,India,IFCT 2017 (ICMR-NIN),D075,"Tomato, ripe, hybrid",Raw / as sold,18.9,0.76,3.2,1.58,1.82,0.25,0.05,11.86,0.0,81,92,17,44,Verified,
IN082,Beetroot,South Asia,India,IFCT 2017 (ICMR-NIN),F001,Beetroot,Raw / as sold,35.6,1.95,6.18,3.31,4.35,0.14,0.03,69.44,0.0,80,92,22,44,Verified,
IN083,Carrot,South Asia,India,IFCT 2017 (ICMR-NIN),F002,"Carrot, orange",Raw / as sold,33.2,0.95,5.55,4.18,3.23,0.47,0.09,52.33,0.0,80,92,15,41,Verified,
IN084,Red carrot (Delhi carrot),South Asia,India,IFCT 2017 (ICMR-NIN),F003,"Carrot, red",Raw / as sold,38.2,1.04,6.71,4.49,3.96,0.47,0.09,60.69,0.0,79,92,15,41,Verified,
IN085,Arbi (colocasia root),South Asia,India,IFCT 2017 (ICMR-NIN),F004,Colocasia,Raw / as sold,88.9,3.31,17.85,3.22,0.9,0.17,0.04,4.54,0.0,58,83,20,51,Verified,
IN086,Lotus root (kamal kakdi),South Asia,India,IFCT 2017 (ICMR-NIN),F005,Lotus root,Raw / as sold,79.3,1.94,14.67,4.7,0.24,0.93,0.25,20.63,0.0,82,93,17,47,Verified,
IN087,Potato,South Asia,India,IFCT 2017 (ICMR-NIN),F006,"Potato, brown skin, big",Raw / as sold,69.8,1.54,14.89,1.71,0.32,0.23,0.04,4.11,0.0,55,81,13,50,Verified,
IN088,Mooli (white radish),South Asia,India,IFCT 2017 (ICMR-NIN),F010,"Radish, elongate, white skin",Raw / as sold,32.3,0.77,6.56,2.65,0.95,0.15,0.04,28.2,0.0,81,92,14,45,Verified,
IN089,Sweet potato,South Asia,India,IFCT 2017 (ICMR-NIN),F013,"Sweet potato, brown skin",Raw / as sold,109.0,1.33,24.25,3.99,3.63,0.26,0.07,29.6,0.0,65,80,12,54,Verified,
IN090,Tapioca (cassava),South Asia,India,IFCT 2017 (ICMR-NIN),F015,Tapioca,Raw / as sold,79.8,1.03,17.81,4.61,2.14,0.2,0.06,10.86,0.0,56,82,10,47,"Verified, with explanation",
IN091,Singhara (water chestnut),South Asia,India,IFCT 2017 (ICMR-NIN),F016,Water Chestnut,Raw / as sold,95.6,0.86,21.46,3.02,1.95,0.37,0.09,13.08,0.0,81,87,12,55,Verified,
IN092,Suran (elephant foot yam),South Asia,India,IFCT 2017 (ICMR-NIN),F017,"Yam, elephant",Raw / as sold,84.4,2.56,17.46,4.17,1.58,0.14,0.04,14.33,0.0,57,83,17,49,Verified,
IN093,Green chillies,South Asia,India,IFCT 2017 (ICMR-NIN),G008,"Chillies, green - all varieties",Raw / as sold,42.3,2.36,5.86,4.77,0.67,0.72,0.13,2.5,0.0,83,93,23,41,Verified,
IN094,Coriander leaves,South Asia,India,IFCT 2017 (ICMR-NIN),G009,Coriander leaves,Raw / as sold,31.1,3.52,1.93,4.66,0.17,0.7,0.23,37.0,0.0,85,94,36,39,Verified,
IN095,Curry leaves,South Asia,India,IFCT 2017 (ICMR-NIN),G010,Curry leaves,Raw / as sold,63.6,7.41,4.51,16.83,0.6,1.06,0.27,18.66,0.0,85,94,45,37,"Verified, with explanation",
IN096,Garlic,South Asia,India,IFCT 2017 (ICMR-NIN),G011,"Garlic, big cloves",Raw / as sold,123.8,6.92,21.93,5.22,5.97,0.16,0.03,9.42,0.0,82,88,33,56,"Verified, with explanation",
IN097,Ginger,South Asia,India,IFCT 2017 (ICMR-NIN),G014,"Ginger, fresh",Raw / as sold,55.0,2.22,8.97,5.36,1.31,0.85,0.23,10.03,0.0,83,93,20,42,"Verified, with explanation",
IN098,Mint leaves,South Asia,India,IFCT 2017 (ICMR-NIN),G016,Mint leaves,Raw / as sold,37.0,4.66,2.39,5.89,0.08,0.65,0.12,16.87,0.0,85,94,41,38,Verified,
IN099,Onion,South Asia,India,IFCT 2017 (ICMR-NIN),G017,"Onion, big",Raw / as sold,48.0,1.5,9.56,2.45,5.88,0.24,0.06,5.5,0.0,80,90,17,48,Verified,
IN100,Sambar onion (small onion),South Asia,India,IFCT 2017 (ICMR-NIN),G018,"Onion, small",Raw / as sold,56.6,1.82,11.58,1.16,5.62,0.16,0.04,4.06,0.0,78,83,18,51,Verified,
IN101,Hing (asafoetida),South Asia,India,IFCT 2017 (ICMR-NIN),G019,Asafoetida,Raw / as sold,331.5,6.34,71.95,5.13,0.93,1.26,0.24,16.04,0.0,66,51,24,81,Verified,
IN102,Green cardamom,South Asia,India,IFCT 2017 (ICMR-NIN),G020,"Cardamom, green",Raw / as sold,255.0,8.1,47.76,23.1,4.28,2.6,0.62,15.51,0.0,71,80,30,66,Verified,
IN103,Black cardamom,South Asia,India,IFCT 2017 (ICMR-NIN),G021,"Cardamom, black",Raw / as sold,270.6,6.69,52.53,23.46,2.3,2.8,0.49,16.25,0.0,71,78,26,69,Verified,
IN104,"Red chillies, dry",South Asia,India,IFCT 2017 (ICMR-NIN),G022,"Chillies, red",Raw / as sold,236.6,12.69,29.46,31.15,4.7,6.4,1.14,19.45,0.0,75,90,45,50,"Verified, with explanation",
IN105,Cloves,South Asia,India,IFCT 2017 (ICMR-NIN),G023,Cloves,Raw / as sold,186.7,5.86,18.73,34.52,2.1,8.41,2.68,183.0,0.0,68,87,25,34,"Verified, with explanation",
IN106,Coriander seeds,South Asia,India,IFCT 2017 (ICMR-NIN),G024,Coriander seeds,Raw / as sold,268.9,10.66,12.98,44.81,2.38,17.47,0.95,34.41,0.0,76,90,38,24,"Verified, with explanation",
IN107,Cumin seeds (jeera),South Asia,India,IFCT 2017 (ICMR-NIN),G025,Cumin seeds,Raw / as sold,304.5,13.91,22.62,30.35,1.38,16.64,0.62,125.0,0.0,76,81,46,33,Verified,
IN108,Fenugreek seeds (methi dana),South Asia,India,IFCT 2017 (ICMR-NIN),G026,Fenugreek seeds,Raw / as sold,234.9,25.41,10.57,47.55,0.55,5.72,0.77,40.2,0.0,79,92,81,39,"Verified, with explanation",
IN109,Nutmeg,South Asia,India,IFCT 2017 (ICMR-NIN),G028,Nutmeg,Raw / as sold,463.7,6.3,27.64,11.99,1.08,36.52,3.36,14.31,0.0,67,38,23,31,Verified,
IN110,Ajwain (carom seeds),South Asia,India,IFCT 2017 (ICMR-NIN),G029,Omum,Raw / as sold,357.3,15.89,24.53,20.58,2.76,21.11,1.11,28.58,0.0,77,64,50,35,Verified,
IN111,Black pepper,South Asia,India,IFCT 2017 (ICMR-NIN),G031,"Pepper, black",Raw / as sold,217.5,10.12,36.22,33.16,0.32,2.74,0.65,24.08,0.0,73,89,38,59,"Verified, with explanation",
IN112,Khus khus (poppy seeds),South Asia,India,IFCT 2017 (ICMR-NIN),G032,Poppy seeds,Raw / as sold,422.6,20.31,12.37,26.68,1.85,30.38,2.07,25.35,0.0,75,58,60,26,Verified,
IN113,Turmeric powder,South Asia,India,IFCT 2017 (ICMR-NIN),G033,Turmeric powder,Raw / as sold,280.6,7.66,49.22,21.38,1.23,5.03,1.63,24.41,0.0,72,75,29,64,Verified,
IN114,Apple,South Asia,India,IFCT 2017 (ICMR-NIN),E001,"Apple, big",Raw / as sold,62.4,0.29,13.11,2.59,9.53,0.64,0.15,1.43,0.0,75,79,9,48,Verified,
IN115,Avocado,South Asia,India,IFCT 2017 (ICMR-NIN),E007,Avocado fruit,Raw / as sold,144.4,2.95,1.75,6.69,1.65,13.86,1.24,2.81,0.0,76,85,18,15,Verified,
IN116,Bael fruit,South Asia,India,IFCT 2017 (ICMR-NIN),E008,Bael fruit,Raw / as sold,136.0,2.63,28.21,6.31,16.35,0.57,0.19,1.56,0.0,77,76,17,55,Verified,
IN117,Banana,South Asia,India,IFCT 2017 (ICMR-NIN),E012,"Banana, ripe, robusta",Raw / as sold,105.2,1.23,23.63,1.94,13.65,0.33,0.11,0.85,0.0,73,70,12,58,Verified,
IN118,Red banana,South Asia,India,IFCT 2017 (ICMR-NIN),E011,"Banana, ripe, red",Raw / as sold,111.6,1.29,25.21,1.98,14.57,0.29,0.11,1.11,0.0,73,69,12,59,Verified,
IN119,Custard apple (sitaphal),South Asia,India,IFCT 2017 (ICMR-NIN),E016,Custard apple,Raw / as sold,98.9,1.62,20.38,5.1,13.35,0.67,0.14,3.11,0.0,77,80,14,50,Verified,
IN120,"Dates, dry",South Asia,India,IFCT 2017 (ICMR-NIN),E017,"Dates, dry, pale brown",Raw / as sold,320.3,2.45,74.91,8.95,66.63,0.35,0.1,3.27,0.0,55,32,12,74,Verified,
IN121,Fig,South Asia,India,IFCT 2017 (ICMR-NIN),E020,Fig,Raw / as sold,81.5,2.03,16.28,4.64,8.64,0.37,0.09,2.37,0.0,78,87,17,49,"Verified, with explanation",
IN122,Amla (Indian gooseberry),South Asia,India,IFCT 2017 (ICMR-NIN),E021,Goosberry,Raw / as sold,23.7,0.34,4.39,7.75,3.39,0.16,0.04,1.37,0.0,81,92,11,34,Verified,
IN123,"Grapes, green",South Asia,India,IFCT 2017 (ICMR-NIN),E026,"Grapes, seedless, round, green",Raw / as sold,53.5,0.62,11.81,1.28,9.6,0.26,0.09,1.81,0.0,74,74,11,50,Verified,
IN124,Guava,South Asia,India,IFCT 2017 (ICMR-NIN),E028,"Guava, white flesh",Raw / as sold,32.3,1.44,5.13,8.59,4.1,0.32,0.05,2.87,0.0,78,91,19,35,"Verified, with explanation",
IN125,"Jackfruit, ripe",South Asia,India,IFCT 2017 (ICMR-NIN),E030,"Jack fruit, ripe",Raw / as sold,72.2,2.74,14.01,3.62,12.21,0.15,0.04,1.62,0.0,78,82,21,50,Verified,
IN126,Jamun (java plum),South Asia,India,USDA SR28,09145,"Java-plum, (jambolan), raw",Raw,60.0,0.72,15.56,,,0.23,,14.0,,73,83,11,55,Verified,
IN127,Lemon juice,South Asia,India,IFCT 2017 (ICMR-NIN),E033,"Lemon, juice",Raw / as sold,36.6,0.41,0.0,0.0,2.59,0.75,0.2,1.21,0.0,28,61,6,38,"Kept, source inconsistency noted",
IN128,Mosambi (sweet lime),South Asia,India,IFCT 2017 (ICMR-NIN),E034,"Lime, sweet, pulp",Raw / as sold,27.2,0.76,5.18,2.07,3.42,0.2,0.08,1.17,0.0,78,91,14,44,Verified,
IN129,Litchi,South Asia,India,IFCT 2017 (ICMR-NIN),E035,Litchi,Raw / as sold,53.8,0.99,11.41,1.34,9.3,0.26,0.09,0.54,0.0,75,75,13,50,Verified,
IN130,Mango (banganapalli),South Asia,India,IFCT 2017 (ICMR-NIN),E036,"Mango, ripe, banganapalli",Raw / as sold,41.8,0.54,8.18,1.88,7.77,0.55,0.17,1.34,0.0,76,80,11,46,Verified,
IN131,Muskmelon,South Asia,India,IFCT 2017 (ICMR-NIN),E045,"Musk melon, orange flesh",Raw / as sold,23.2,0.42,4.24,1.51,2.99,0.35,0.09,14.94,0.0,77,91,12,44,Verified,
IN132,Orange,South Asia,India,IFCT 2017 (ICMR-NIN),E047,"Orange, pulp",Raw / as sold,37.3,0.7,7.92,1.29,6.86,0.13,0.04,1.47,0.0,77,79,13,48,Verified,
IN133,Papaya,South Asia,India,IFCT 2017 (ICMR-NIN),E049,"Papaya, ripe",Raw / as sold,23.9,0.42,4.61,2.83,4.09,0.16,0.06,6.68,0.0,77,91,12,42,Verified,
IN134,Phalsa,South Asia,India,IFCT 2017 (ICMR-NIN),E052,Phalsa,Raw / as sold,71.5,1.66,15.09,4.54,13.0,0.14,0.16,1.99,0.0,81,84,16,49,"Kept, source inconsistency noted",
IN135,Pineapple,South Asia,India,IFCT 2017 (ICMR-NIN),E053,Pineapple,Raw / as sold,43.0,0.52,9.42,3.46,8.56,0.16,0.05,1.43,0.0,76,88,11,45,Verified,
IN136,Pomegranate,South Asia,India,IFCT 2017 (ICMR-NIN),E055,"Pomegranate, maroon seeds",Raw / as sold,54.7,1.33,11.58,2.83,10.87,0.15,0.04,2.13,0.0,77,81,15,48,Verified,
IN137,"Raisins, black",South Asia,India,IFCT 2017 (ICMR-NIN),E057,"Raisins, dried, black",Raw / as sold,305.7,2.57,71.29,3.92,61.51,0.34,0.06,10.99,0.0,51,29,12,81,Verified,
IN138,Chikoo (sapota),South Asia,India,IFCT 2017 (ICMR-NIN),E060,Sapota,Raw / as sold,73.4,0.92,13.9,9.6,12.3,1.26,0.39,4.61,0.0,76,90,12,39,"Verified, with explanation",
IN139,Strawberry,South Asia,India,IFCT 2017 (ICMR-NIN),E063,Strawberry,Raw / as sold,24.6,0.97,3.4,2.5,3.56,0.56,0.07,1.19,0.0,82,93,17,42,Verified,
IN140,Tamarind pulp,South Asia,India,IFCT 2017 (ICMR-NIN),E064,"Tamarind, pulp",Raw / as sold,288.5,2.92,67.35,5.31,52.88,0.15,0.03,24.92,0.0,73,43,15,81,"Verified, with explanation",
IN141,Watermelon,South Asia,India,IFCT 2017 (ICMR-NIN),E065,"Water melon, dark green (sugar baby)",Raw / as sold,20.3,0.6,3.86,0.7,3.66,0.16,0.04,1.89,0.0,77,83,14,46,Verified,
IN142,Ber (Indian jujube),South Asia,India,IFCT 2017 (ICMR-NIN),E068,Zizyphus,Raw / as sold,48.8,1.34,9.4,3.73,8.29,0.35,0.12,1.52,0.0,77,90,16,45,Verified,
IN143,Almonds,South Asia,India,IFCT 2017 (ICMR-NIN),H001,Almond,Raw / as sold,609.2,18.41,3.04,13.06,2.23,58.49,4.36,1.5,0.0,77,31,53,19,Verified,
IN144,Cashews,South Asia,India,IFCT 2017 (ICMR-NIN),H005,Cashew nut,Raw / as sold,582.7,18.78,25.46,3.86,3.11,45.2,7.82,9.0,0.0,72,29,54,42,Verified,
IN145,"Coconut, dry (copra)",South Asia,India,IFCT 2017 (ICMR-NIN),H006,"Coconut, kernel, dry",Raw / as sold,624.0,7.27,8.01,15.88,6.93,63.26,43.14,16.68,0.0,39,16,22,14,Verified,
IN146,"Coconut, fresh",South Asia,India,IFCT 2017 (ICMR-NIN),H007,"Coconut, kernel, fresh",Raw / as sold,408.9,3.84,6.3,10.42,6.2,41.38,28.05,8.12,0.0,38,32,14,11,Verified,
IN147,Halim (garden cress seeds),South Asia,India,IFCT 2017 (ICMR-NIN),H008,"Garden cress, seeds",Raw / as sold,445.3,23.36,33.66,8.27,0.91,23.74,4.1,21.84,0.0,78,46,68,42,Verified,
IN148,Sesame seeds (til),South Asia,India,IFCT 2017 (ICMR-NIN),H011,"Gingelly seeds, white",Raw / as sold,519.6,21.7,10.83,16.99,0.67,43.05,6.43,15.43,0.0,79,40,62,25,Verified,
IN149,Peanuts (groundnut),South Asia,India,IFCT 2017 (ICMR-NIN),H012,Ground nut,Raw / as sold,520.1,23.65,17.27,10.38,4.42,39.63,8.14,12.21,0.0,74,34,67,29,Verified,
IN150,Mustard seeds,South Asia,India,IFCT 2017 (ICMR-NIN),H013,Mustard seeds,Raw / as sold,509.6,19.51,16.8,14.1,5.07,40.19,2.11,3.97,0.0,80,39,57,30,Verified,
IN151,Flax seeds (alsi),South Asia,India,IFCT 2017 (ICMR-NIN),H014,Linseeds,Raw / as sold,443.8,18.55,10.99,26.17,0.6,35.67,2.97,32.93,0.0,81,56,56,25,Verified,
IN152,Pistachios,South Asia,India,IFCT 2017 (ICMR-NIN),H018,Pistachio nuts,Raw / as sold,539.4,23.35,15.82,10.64,7.9,42.49,4.04,6.93,0.0,77,33,66,29,Verified,
IN153,Sunflower seeds,South Asia,India,IFCT 2017 (ICMR-NIN),H020,Sunflower seeds,Raw / as sold,586.3,23.53,6.85,10.8,2.81,51.85,6.16,1.9,0.0,76,30,66,22,Verified,
IN154,Walnuts,South Asia,India,IFCT 2017 (ICMR-NIN),H021,Walnut,Raw / as sold,671.4,14.92,10.14,5.39,3.22,64.27,5.21,1.33,0.0,73,29,44,28,Verified,
IN155,Coconut oil,South Asia,India,IFCT 2017 (ICMR-NIN),T001,Coconut oil,Raw / as sold,900.0,0.0,0.0,0.0,0.0,100.0,90.86,0.0,0.0,12,5,1,15,Corrected (documented),"IFCT lists 0 kcal for this fat, which is impossible. Energy calculated from fat at 9 kcal per g."
IN156,Sesame oil (gingelly),South Asia,India,IFCT 2017 (ICMR-NIN),T004,Gingelly oil,Raw / as sold,900.0,0.0,0.0,0.0,0.0,100.0,16.25,0.0,0.0,56,22,6,19,Corrected (documented),"IFCT lists 0 kcal for this fat, which is impossible. Energy calculated from fat at 9 kcal per g."
IN157,Groundnut oil,South Asia,India,IFCT 2017 (ICMR-NIN),T005,Groundnut oil,Raw / as sold,900.0,0.0,0.0,0.0,0.0,100.0,18.94,0.0,0.0,55,22,6,19,Corrected (documented),"IFCT lists 0 kcal for this fat, which is impossible. Energy calculated from fat at 9 kcal per g."
IN158,Mustard oil,South Asia,India,IFCT 2017 (ICMR-NIN),T006,Mustard oil,Raw / as sold,900.0,0.0,0.0,0.0,0.0,100.0,5.72,0.0,0.0,58,23,6,19,Corrected (documented),"IFCT lists 0 kcal for this fat, which is impossible. Energy calculated from fat at 9 kcal per g."
IN159,Palm oil,South Asia,India,IFCT 2017 (ICMR-NIN),T007,Palm oil,Raw / as sold,900.0,0.0,0.0,0.0,0.0,100.0,44.98,0.0,0.0,14,6,1,15,Corrected (documented),"IFCT lists 0 kcal for this fat, which is impossible. Energy calculated from fat at 9 kcal per g."
IN160,Rice bran oil,South Asia,India,IFCT 2017 (ICMR-NIN),T008,Rice bran oil,Raw / as sold,900.0,0.0,0.0,0.0,0.0,100.0,23.76,0.0,0.0,53,21,5,19,Corrected (documented),"IFCT lists 0 kcal for this fat, which is impossible. Energy calculated from fat at 9 kcal per g."
IN161,Safflower oil,South Asia,India,IFCT 2017 (ICMR-NIN),T009,Safflower oil,Raw / as sold,900.0,0.0,0.0,0.0,0.0,100.01,9.19,0.0,0.0,58,23,6,19,Corrected (documented),"IFCT lists 0 kcal for this fat, which is impossible. Energy calculated from fat at 9 kcal per g."
IN162,Soybean oil,South Asia,India,IFCT 2017 (ICMR-NIN),T011,Soyabean oil,Raw / as sold,900.0,0.0,0.0,0.0,0.0,100.0,15.96,0.0,0.0,56,22,6,19,Corrected (documented),"IFCT lists 0 kcal for this fat, which is impossible. Energy calculated from fat at 9 kcal per g."
IN163,Sunflower oil,South Asia,India,IFCT 2017 (ICMR-NIN),T012,Sunflower oil,Raw / as sold,900.0,0.0,0.0,0.0,0.0,100.0,11.39,0.0,0.0,57,23,6,19,Corrected (documented),"IFCT lists 0 kcal for this fat, which is impossible. Energy calculated from fat at 9 kcal per g."
IN164,Ghee,South Asia,India,IFCT 2017 (ICMR-NIN),T013,Ghee,Raw / as sold,900.0,0.0,0.0,0.0,0.0,100.0,71.02,0.0,0.0,12,5,1,15,Corrected (documented),"IFCT lists 0 kcal for this fat, which is impossible. Energy calculated from fat at 9 kcal per g."
IN165,Vanaspati (hydrogenated fat),South Asia,India,IFCT 2017 (ICMR-NIN),T014,Vanaspati,Raw / as sold,900.0,0.0,0.0,0.0,0.0,100.0,61.44,0.0,0.0,0,0,0,14,Corrected (documented),"IFCT lists 0 kcal for this fat, which is impossible. Energy calculated from fat at 9 kcal per g."
IN166,Buffalo milk,South Asia,India,IFCT 2017 (ICMR-NIN),L001,"Milk, whole, Buffalo",Raw / as sold,107.3,3.68,8.39,0.0,5.34,6.58,4.63,30.1,0.0,39,61,18,39,Verified,
IN167,Cow milk,South Asia,India,IFCT 2017 (ICMR-NIN),L002,"Milk, whole, Cow",Raw / as sold,72.9,3.26,4.94,0.0,4.89,4.48,2.71,25.46,0.0,40,64,19,39,Verified,
IN168,Paneer,South Asia,India,IFCT 2017 (ICMR-NIN),L003,Paneer,Raw / as sold,257.9,18.86,12.41,0.0,11.57,14.78,8.85,18.04,0.0,35,44,57,36,Verified,
IN169,Khoa (mawa),South Asia,India,IFCT 2017 (ICMR-NIN),L004,Khoa,Raw / as sold,316.0,16.34,16.53,0.0,16.14,20.62,12.94,48.1,0.0,25,31,47,37,Verified,
IN170,Curd (dahi),South Asia,India,USDA SR28,01116,"Yogurt, plain, whole milk, 8 grams protein per 8 ounce",As sold / as eaten,61.0,3.47,4.66,0.0,4.66,3.25,2.1,46.0,0.0,45,68,22,41,Verified,
IN171,Buttermilk (chaas),South Asia,India,USDA SR28,01088,"Milk, buttermilk, fluid, cultured, lowfat",As sold / as eaten,40.0,3.31,4.79,0.0,4.79,0.88,0.55,190.0,0.0,51,71,27,45,Verified,
IN172,Butter,South Asia,India,USDA SR28,01001,"Butter, salted",As sold / as eaten,717.0,0.85,0.06,0.0,0.06,81.11,51.37,643.0,0.0,5,2,3,15,Verified,
IN173,"Egg, whole",South Asia,India,IFCT 2017 (ICMR-NIN),M001,"Egg, poultry, whole, raw",Raw / as sold,134.8,13.28,0.0,0.0,0.0,9.15,2.96,123.0,0.08,50,71,51,35,Verified,
IN174,Egg white,South Asia,India,IFCT 2017 (ICMR-NIN),M002,"Egg, poultry, white, raw",Raw / as sold,44.7,10.84,0.0,0.0,0.0,0.06,0.0,166.0,0.0,60,84,65,48,Verified,
IN175,Egg yolk,South Asia,India,IFCT 2017 (ICMR-NIN),M003,"Egg, poultry, yolk, raw",Raw / as sold,296.8,15.74,0.0,0.0,0.0,26.34,8.58,46.33,0.18,43,45,48,27,Verified,
IN176,Chicken breast (skinless),South Asia,India,IFCT 2017 (ICMR-NIN),N003,"Chicken, poultry, breast, skinless",Raw / as sold,168.3,21.81,0.0,0.0,0.0,9.0,0.82,36.7,0.0,52,70,76,37,Verified,
IN177,Chicken thigh (skinless),South Asia,India,IFCT 2017 (ICMR-NIN),N002,"Chicken, poultry, thigh, skinless",Raw / as sold,199.8,18.18,0.0,0.0,0.0,14.23,1.07,64.59,0.0,50,63,61,29,Verified,
IN178,Chicken wing (with skin),South Asia,India,IFCT 2017 (ICMR-NIN),N004,"Chicken, poultry, wing, skinless",Raw / as sold,192.9,17.42,0.0,0.0,0.0,13.81,1.24,72.78,0.0,42,60,58,28,Verified,
IN179,Chicken liver,South Asia,India,IFCT 2017 (ICMR-NIN),N005,"Poultry, chicken, liver",Raw / as sold,123.8,21.57,0.0,0.0,0.0,4.08,1.33,61.58,0.19,38,73,82,43,Verified,
IN180,Mutton (goat meat),South Asia,India,IFCT 2017 (ICMR-NIN),O001,"Goat, shoulder, meat",Raw / as sold,188.1,20.33,0.0,0.0,0.0,11.94,5.44,47.31,0.0,25,55,66,30,Verified,
IN181,Goat liver,South Asia,India,IFCT 2017 (ICMR-NIN),O008,"Goat, liver",Raw / as sold,125.7,20.32,0.0,0.0,0.0,4.88,1.77,55.41,0.14,36,71,77,41,Verified,
IN182,Rohu,South Asia,India,IFCT 2017 (ICMR-NIN),S006,Rohu,Raw / as sold,102.3,19.71,0.0,0.0,0.0,2.39,2.05,35.56,0.07,70,88,84,48,"Kept, source inconsistency noted",
IN183,Catla,South Asia,India,IFCT 2017 (ICMR-NIN),S002,Catla,Raw / as sold,94.2,17.94,0.0,0.0,0.0,2.15,1.67,36.56,0.36,72,89,80,49,"Kept, source inconsistency noted",
IN184,Mackerel (bangda),South Asia,India,IFCT 2017 (ICMR-NIN),P034,Mackerel,Raw / as sold,101.1,21.51,0.0,0.0,0.0,1.53,0.6,83.01,0.38,71,88,90,50,"Verified, with explanation",
IN185,"Pomfret, white",South Asia,India,IFCT 2017 (ICMR-NIN),P057,"Pomfret, white",Raw / as sold,122.6,19.02,0.0,0.0,0.0,5.12,2.67,46.09,0.76,69,84,76,44,Verified,
IN186,Sardine (mathi),South Asia,India,IFCT 2017 (ICMR-NIN),P071,Sardine,Raw / as sold,152.2,17.91,0.0,0.0,0.0,8.99,1.25,38.49,0.61,71,79,67,39,Verified,
IN187,Bombay duck (bombil),South Asia,India,IFCT 2017 (ICMR-NIN),P007,Bombay duck,Raw / as sold,68.6,13.53,0.0,0.0,0.0,1.03,0.4,223.0,0.2,67,87,71,49,Verified,
IN188,Seer fish (surmai),South Asia,India,IFCT 2017 (ICMR-NIN),P087,Vanjaram,Raw / as sold,136.2,22.28,0.0,0.0,0.0,5.18,2.23,34.85,1.16,74,85,85,45,Verified,
IN189,Karimeen (pearl spot),South Asia,India,IFCT 2017 (ICMR-NIN),P026,Karimeen,Raw / as sold,92.3,19.68,0.0,0.0,0.0,1.38,0.58,23.72,0.17,70,88,86,50,Verified,
IN190,Bhetki (barramundi),South Asia,India,IFCT 2017 (ICMR-NIN),P005,Betki,Raw / as sold,67.9,15.28,0.0,0.0,0.0,0.29,0.09,63.68,0.02,68,87,76,51,Verified,
IN191,Anchovy (nethili),South Asia,India,IFCT 2017 (ICMR-NIN),P003,Anchovy,Raw / as sold,87.7,19.88,0.0,0.0,0.0,0.78,0.25,212.0,0.26,68,87,86,51,Verified,
IN192,Mullet,South Asia,India,IFCT 2017 (ICMR-NIN),P039,Mullet,Raw / as sold,93.9,20.23,0.0,0.0,0.0,1.32,0.5,66.09,0.31,71,88,87,50,Verified,
IN193,Prawns,South Asia,India,IFCT 2017 (ICMR-NIN),S008,"Prawns, big",Raw / as sold,90.8,19.24,0.0,0.0,0.0,0.52,0.09,849.0,0.06,61,84,84,50,Verified,
IN194,Crab,South Asia,India,IFCT 2017 (ICMR-NIN),Q001,Crab,Raw / as sold,82.0,10.23,0.0,0.0,0.0,1.41,0.21,244.0,0.19,66,86,51,47,"Kept, source inconsistency noted",
IN195,Button mushroom,South Asia,India,IFCT 2017 (ICMR-NIN),J001,"Button mushroom, fresh",Raw / as sold,27.5,3.68,1.98,3.11,0.1,0.42,0.06,7.72,0.0,83,93,40,42,Verified,
IN196,Tender coconut water,South Asia,India,IFCT 2017 (ICMR-NIN),K002,Coconut water,Raw / as sold,15.3,0.26,3.16,0.0,3.06,0.16,0.09,28.09,0.0,38,61,7,42,Verified,
IN197,Jaggery (gur),South Asia,India,IFCT 2017 (ICMR-NIN),I001,"Jaggery, cane",Raw / as sold,353.7,1.85,84.87,0.0,84.32,0.16,0.07,25.38,0.0,0,0,5,82,Verified,
IN198,Sugarcane juice,South Asia,India,IFCT 2017 (ICMR-NIN),I002,"Sugarcane, juice",Raw / as sold,57.8,0.16,13.11,0.56,12.85,0.4,0.14,1.16,0.0,3,37,1,45,Verified,
IN199,Sugar,South Asia,India,USDA SR28,19335,"Sugars, granulated",As sold / as eaten,387.0,0.0,99.98,0.0,99.8,0.0,0.0,1.0,0.0,0,0,0,81,Verified,
IN200,Honey,South Asia,India,USDA SR28,19296,Honey,As sold / as eaten,304.0,0.3,82.2,0.2,82.12,0.0,0.0,4.0,0.0,0,0,1,81,Verified,
SA001,Hilsa (ilish),South Asia,Bangladesh,IFCT 2017 (ICMR-NIN),P017,Hilsa,Raw / as sold,258.8,21.8,0.0,0.0,0.0,18.49,9.29,80.88,1.16,67,62,69,29,Verified,
SA002,Pangas catfish,South Asia,Bangladesh,IFCT 2017 (ICMR-NIN),S005,Pangas,Raw / as sold,203.6,17.12,0.0,0.0,0.0,16.77,0.86,37.42,0.15,69,69,59,29,Verified,
SA003,Freshwater catfish (magur),South Asia,Bangladesh,IFCT 2017 (ICMR-NIN),S001,Cat fish,Raw / as sold,123.8,15.86,0.0,0.0,0.0,6.24,2.18,28.29,0.22,67,81,64,42,Verified,
SA004,Freshwater eel,South Asia,Bangladesh,IFCT 2017 (ICMR-NIN),S003,Fresh water Eel,Raw / as sold,107.8,20.41,0.0,0.0,0.0,2.63,0.98,88.67,0.14,69,88,85,48,Verified,
SA005,Silver carp,South Asia,"Bangladesh, Pakistan",IFCT 2017 (ICMR-NIN),P078,Silver carp,Raw / as sold,132.6,21.71,0.0,0.0,0.0,5.17,1.83,19.6,0.3,69,83,83,44,Verified,
SA006,Tiger prawns (bagda),South Asia,Bangladesh,IFCT 2017 (ICMR-NIN),S010,Tiger prawns,Raw / as sold,67.9,14.24,0.0,0.0,0.0,0.66,0.13,80.77,0.05,67,87,73,50,Verified,
SA007,Small prawns (chingri),South Asia,Bangladesh,IFCT 2017 (ICMR-NIN),S009,"Prawns, small",Raw / as sold,71.0,13.07,0.0,0.0,0.0,0.78,0.2,77.71,0.07,69,88,68,50,Verified,
SA008,Mud crab,South Asia,"Bangladesh, Sri Lanka",IFCT 2017 (ICMR-NIN),Q005,Mud crab,Raw / as sold,45.4,10.0,0.0,0.0,0.0,0.55,0.1,305.0,0.08,66,86,64,48,Verified,
SA009,Skipjack tuna,South Asia,"Maldives, Sri Lanka",IFCT 2017 (ICMR-NIN),P085,"Tuna, striped",Raw / as sold,96.3,21.28,0.0,0.0,0.0,1.12,0.42,22.6,0.24,71,88,89,50,Verified,
SA010,Tilapia,South Asia,Bangladesh,IFCT 2017 (ICMR-NIN),P083,Tilapia,Raw / as sold,83.4,18.48,0.0,0.0,0.0,1.08,0.41,52.55,0.07,69,88,83,50,Verified,
SA011,Pumpkin leaves,South Asia,"Bangladesh, Nepal",IFCT 2017 (ICMR-NIN),C030,"Pumpkin leaves, tender",Raw / as sold,44.2,4.21,4.75,2.25,0.1,0.74,0.27,12.2,0.0,87,95,35,46,Verified,
SA012,Kochu (taro stem),South Asia,Bangladesh,IFCT 2017 (ICMR-NIN),D041,"Colocasia, stem, green",Raw / as sold,19.4,0.91,2.86,2.33,0.25,0.22,0.07,0.6,0.0,83,93,18,43,Verified,
SA013,Chayote (iskus),South Asia,"Nepal, Bhutan",IFCT 2017 (ICMR-NIN),D038,Cho-cho-marrow,Raw / as sold,18.9,0.66,3.47,1.55,0.76,0.15,0.08,1.28,0.0,82,93,16,44,Verified,
SA014,Wood apple,South Asia,Sri Lanka,IFCT 2017 (ICMR-NIN),E067,Wood apple,Raw / as sold,78.2,3.14,7.52,5.21,3.81,3.62,0.88,1.48,0.0,80,92,22,37,Verified,
SA015,Star fruit (kamranga),South Asia,"Bangladesh, Sri Lanka",IFCT 2017 (ICMR-NIN),E062,Star fruit,Raw / as sold,26.3,0.79,4.51,2.81,3.95,0.39,0.02,1.56,0.0,77,91,15,42,Verified,
SA016,Soursop (katu anoda),South Asia,Sri Lanka,IFCT 2017 (ICMR-NIN),E061,Soursop,Raw / as sold,62.1,0.74,11.94,4.95,9.83,0.94,0.14,6.78,0.0,76,89,11,43,Verified,
SA017,Rambutan,South Asia,Sri Lanka,IFCT 2017 (ICMR-NIN),E059,Rambutan,Raw / as sold,73.1,0.68,16.84,1.02,15.8,0.16,0.14,1.75,0.0,70,64,10,54,Verified,
SA018,Mangosteen,South Asia,Sri Lanka,IFCT 2017 (ICMR-NIN),E043,Mangosteen,Raw / as sold,52.3,0.63,11.41,1.87,8.91,0.24,0.18,3.79,0.0,74,77,11,49,Verified,
SA019,Manila tamarind (jilapi),South Asia,Bangladesh,IFCT 2017 (ICMR-NIN),E044,Manila tamarind,Raw / as sold,81.7,3.56,13.54,4.4,12.13,1.14,0.03,1.35,0.0,78,84,23,47,Verified,
SA020,Pomelo (jambura),South Asia,"Bangladesh, Nepal",IFCT 2017 (ICMR-NIN),E056,Pummelo,Raw / as sold,50.2,0.68,10.64,0.8,4.38,0.42,0.12,1.06,0.0,74,81,11,50,Verified,
SA021,Palmyra palm fruit (tal),South Asia,"Bangladesh, Sri Lanka",IFCT 2017 (ICMR-NIN),E048,"Palm fruit, tender",Raw / as sold,24.1,0.5,4.92,2.4,0.19,0.12,0.03,1.25,0.0,80,92,13,44,Verified,
SA022,Wax apple (jamrul),South Asia,"Bangladesh, Sri Lanka",IFCT 2017 (ICMR-NIN),E031,"Jambu fruit, ripe",Raw / as sold,56.2,0.82,12.3,3.07,6.84,0.17,0.07,2.64,0.0,76,87,12,48,Verified,
SA023,"Apricots, dried",South Asia,"Pakistan, Afghanistan",IFCT 2017 (ICMR-NIN),E005,"Apricot, dried",Raw / as sold,315.7,3.17,72.63,3.32,25.72,0.74,0.2,3.94,0.0,53,39,14,81,Verified,
SA024,"Raisins, golden",South Asia,"Afghanistan, Pakistan",IFCT 2017 (ICMR-NIN),E058,"Raisins, dried, golden",Raw / as sold,296.6,2.76,68.79,4.56,57.12,0.35,0.12,10.16,0.0,52,32,13,80,Verified,
SA025,Pine nuts (chilgoza),South Asia,"Pakistan, Afghanistan",IFCT 2017 (ICMR-NIN),H017,Pine seeds,Raw / as sold,594.2,12.55,26.77,3.79,4.67,48.79,3.8,1.31,0.0,73,29,38,42,Verified,
SA026,Black sesame seeds,South Asia,"Nepal, Bhutan",IFCT 2017 (ICMR-NIN),H009,"Gingelly seeds, black",Raw / as sold,507.6,19.17,10.29,17.16,0.99,43.1,6.32,15.91,0.0,78,41,56,25,Verified,
SA027,Niger seeds,South Asia,Nepal,IFCT 2017 (ICMR-NIN),H015,"Niger seeds, black",Raw / as sold,512.4,18.92,22.98,10.93,1.75,38.61,5.94,10.7,0.0,77,37,55,34,Verified,
SA028,Lamb shoulder,South Asia,"Pakistan, Afghanistan",IFCT 2017 (ICMR-NIN),O014,"Sheep, shoulder",Raw / as sold,200.8,18.24,0.0,0.0,0.0,14.31,6.92,45.65,0.0,23,52,58,26,Verified,
SA029,Lamb leg,South Asia,"Pakistan, Afghanistan",IFCT 2017 (ICMR-NIN),O016,"Sheep, leg",Raw / as sold,164.0,21.42,0.0,0.0,0.0,8.69,3.74,49.3,0.0,26,60,72,35,Verified,
SA030,Beef (round),South Asia,"Pakistan, Bangladesh",IFCT 2017 (ICMR-NIN),O027,"Beef, round (leg)",Raw / as sold,157.3,22.64,0.0,0.0,0.0,7.38,3.0,38.96,0.0,28,63,78,37,Verified,
SA031,Mithun meat,South Asia,Bhutan,IFCT 2017 (ICMR-NIN),O047,"Mithun, round (leg)",Raw / as sold,115.9,19.61,0.0,0.0,0.0,4.1,1.44,28.42,0.0,32,71,76,42,"Kept, source inconsistency noted",
SA032,Duck (lean meat),South Asia,Bangladesh,IFCT 2017 (ICMR-NIN),N011,"Duck, meat, with skin",Raw / as sold,130.7,19.07,0.0,0.0,0.0,6.03,0.34,82.25,0.0,54,76,73,41,Corrected (documented),"IFCT labels this ""meat, with skin"", but its values match skinless duck meat (USDA 05141), so it is shown as lean meat"
SA033,Pigeon,South Asia,"Bangladesh, Pakistan",IFCT 2017 (ICMR-NIN),N014,"Pigeon, meat, with skin",Raw / as sold,126.2,17.94,0.0,0.0,0.0,6.03,1.83,56.1,0.12,51,75,69,41,Verified,
SA034,Duck egg,South Asia,"Bangladesh, Sri Lanka",IFCT 2017 (ICMR-NIN),M012,"Egg, duck, whole, raw",Raw / as sold,181.6,14.6,0.0,0.0,0.0,13.83,3.37,113.0,0.05,51,64,51,29,Verified,
SA035,Desi egg (country hen),South Asia,"Bangladesh, Nepal, Pakistan",IFCT 2017 (ICMR-NIN),M008,"Egg, country hen, whole, raw",Raw / as sold,168.3,13.14,0.0,0.0,0.0,13.0,3.79,157.0,0.09,49,65,47,29,Verified,
SA036,Desi chicken breast (with skin),South Asia,"Bangladesh, Pakistan",IFCT 2017 (ICMR-NIN),N009,"Country hen, breast, with skin",Raw / as sold,180.0,22.08,0.0,0.0,0.0,10.2,0.42,23.13,0.0,45,65,74,34,Verified,
SA037,"Lobia, white (black-eyed peas)",South Asia,"Pakistan, Nepal",IFCT 2017 (ICMR-NIN),B006,"Cowpea, white",Raw / as sold,320.3,21.25,53.77,11.7,1.18,1.14,0.28,12.52,0.0,82,68,66,78,Verified,
SA038,Breadfruit,South Asia,"Sri Lanka, Maldives",USDA SR28,09059,"Breadfruit, raw",Raw,103.0,1.07,22.22,4.9,11.0,0.23,0.05,2.0,0.0,54,72,10,50,Verified,
SA039,Coconut milk,South Asia,"Sri Lanka, Maldives",USDA SR28,12117,"Nuts, coconut milk, raw (liquid expressed from grated meat and water)",Raw,230.0,2.29,3.34,2.2,3.34,23.84,21.14,15.0,0.0,35,48,10,17,Verified,
SA040,Cinnamon,South Asia,Sri Lanka,USDA SR28,02010,"Spices, cinnamon, ground",As sold / as eaten,247.0,3.99,27.49,53.1,2.17,1.24,0.34,10.0,0.0,70,88,19,51,Verified,
SA041,Buckwheat,South Asia,"Nepal, Bhutan",USDA SR28,20008,Buckwheat,As sold / as eaten,343.0,13.25,61.5,10.0,,3.4,0.74,1.0,0.0,75,59,43,78,"Verified, with explanation",
SA042,Stinging nettle (sisnu),South Asia,Nepal,USDA SR28,35205,"Stinging Nettles, blanched (Northern Plains Indians)",As sold / as eaten,42.0,2.71,0.59,6.9,0.25,0.11,,4.0,,86,94,26,35,Verified,
SA043,Fiddlehead fern (niuro),South Asia,"Nepal, Bhutan",USDA SR28,11995,"Fiddlehead ferns, raw",Raw,34.0,4.55,5.54,,,0.4,,1.0,,79,92,42,50,Verified,
SA044,Mulberries,South Asia,"Afghanistan, Pakistan",USDA SR28,09190,"Mulberries, raw",Raw,43.0,1.44,8.1,1.7,8.1,0.39,0.03,10.0,0.0,81,82,17,48,Verified,
SA045,"Apricots, fresh",South Asia,"Pakistan, Afghanistan",USDA SR28,09021,"Apricots, raw",Raw,48.0,1.4,9.12,2.0,9.24,0.39,0.03,1.0,0.0,77,80,16,47,Verified,
SA046,"Figs, dried",South Asia,Afghanistan,USDA SR28,09094,"Figs, dried, uncooked",As sold / as eaten,249.0,3.3,54.07,9.8,47.92,0.93,0.14,10.0,0.0,56,46,15,69,Verified,
SA047,Turnip (shaljam),South Asia,Pakistan,USDA SR28,11564,"Turnips, raw",Raw,28.0,0.9,4.63,1.8,3.8,0.1,0.01,67.0,0.0,79,92,16,45,Verified,
SA048,Bitter gourd leaves,South Asia,Bangladesh,USDA SR28,11022,"Balsam-pear (bitter gourd), leafy tips, raw",Raw,30.0,5.3,3.29,,,0.69,,11.0,,79,92,51,49,Verified,
SA049,Jute leaves (pat shak),South Asia,Bangladesh,USDA SR28,11231,"Jute, potherb, raw",Raw,34.0,4.65,5.8,,,0.25,0.04,8.0,,79,92,43,51,Verified,
SA050,Water spinach (kalmi shak),South Asia,"Bangladesh, Sri Lanka",USDA SR28,11503,"Swamp cabbage, (skunk cabbage), raw",Raw,19.0,2.6,1.04,2.1,,0.2,,113.0,,86,94,38,43,Verified,
SA051,Yardlong beans (borboti),South Asia,"Bangladesh, Sri Lanka",USDA SR28,11199,"Yardlong bean, raw",Raw,47.0,2.8,8.35,,,0.4,0.1,4.0,,73,88,24,51,Verified,
SA052,Taro shoots,South Asia,Bangladesh,USDA SR28,11522,"Taro shoots, raw",Raw,11.0,0.92,2.32,,,0.09,0.02,1.0,,75,90,18,46,Verified,
SA053,Winged beans (dambala),South Asia,"Sri Lanka, Bangladesh",USDA SR28,11595,"Winged beans, immature seeds, raw",Raw,49.0,6.95,4.31,,,0.87,0.24,4.0,,75,90,48,50,Verified,
SA054,Water buffalo meat (buff),South Asia,Nepal,USDA SR28,17160,"Game meat, buffalo, water, raw",Raw,99.0,20.39,0.0,0.0,,1.37,0.46,53.0,,31,72,83,46,Verified,
SA055,Saffron,South Asia,Afghanistan,USDA SR28,02037,"Spices, saffron",As sold / as eaten,310.0,11.43,61.47,3.9,,5.85,1.59,148.0,0.01,67,55,38,79,Verified,
SA056,Sweet potato leaves,South Asia,Bangladesh,USDA SR28,11505,"Sweet potato leaves, raw",Raw,42.0,2.49,3.52,5.3,,0.51,0.11,6.0,,85,94,25,39,Verified,
SA057,Pumpkin flowers,South Asia,"Bangladesh, Nepal",USDA SR28,11416,"Pumpkin flowers, raw",Raw,15.0,1.03,3.28,,,0.07,0.04,5.0,,75,90,19,46,Verified,
SA058,Cowpea leaves,South Asia,Bangladesh,USDA SR28,11201,"Cowpeas, leafy tips, raw",Raw,29.0,4.1,4.82,,,0.25,0.07,7.0,,75,90,42,49,Verified,
SA059,Hyacinth beans (shim),South Asia,Bangladesh,USDA SR28,11224,"Hyacinth-beans, immature seeds, raw",Raw,46.0,2.1,5.89,3.3,4.08,0.2,0.09,2.0,0.0,75,90,20,43,Verified,
SA060,Rose apple,South Asia,Sri Lanka,USDA SR28,09312,"Rose-apples, raw",Raw,25.0,0.6,5.7,,,0.3,,0.0,,72,88,13,47,Verified,
SA061,Goat milk,South Asia,"Pakistan, Nepal",USDA SR28,01106,"Milk, goat, fluid, with added vitamin D",As sold / as eaten,69.0,3.56,4.45,0.0,4.45,4.14,2.67,50.0,0.0,41,66,21,39,Verified,
SA062,Bay leaf (tej patta),South Asia,"Nepal, Bangladesh",USDA SR28,02004,"Spices, bay leaf",As sold / as eaten,313.0,7.61,48.67,26.3,,8.36,2.28,23.0,0.0,71,73,28,58,Verified,
SA063,"Coconut, desiccated",South Asia,Sri Lanka,USDA SR28,12108,"Nuts, coconut meat, dried (desiccated), not sweetened",As sold / as eaten,660.0,6.88,7.35,16.3,7.35,64.53,57.22,37.0,0.0,39,16,21,14,Verified,
EU001,Rye bread,Europe,Europe,USDA SR28,18060,"Bread, rye",As sold / as eaten,259.0,8.5,42.5,5.8,3.85,3.3,0.63,603.0,0.0,54,57,30,64,Verified,
EU002,Pumpernickel,Europe,Europe,USDA SR28,18044,"Bread, pumpernickel",As sold / as eaten,250.0,8.7,41.0,6.5,0.53,3.1,0.44,596.0,0.0,58,62,31,62,Verified,
EU003,Spelt,Europe,Europe,USDA SR28,20140,"Spelt, uncooked",As sold / as eaten,338.0,14.57,59.49,10.7,6.82,2.43,0.41,8.0,,72,57,46,79,Verified,
EU004,Durum pasta (dry),Europe,Europe,USDA SR28,20420,"Pasta, dry, unenriched",As sold / as eaten,371.0,13.04,71.47,3.2,2.67,1.51,0.28,6.0,0.0,44,37,39,86,Verified,
EU005,Rolled oats,Europe,Europe,USDA SR28,08120,"Cereals, oats, regular and quick, not fortified, dry",As sold / as eaten,379.0,13.15,57.6,10.1,0.99,6.52,1.11,6.0,0.0,75,53,42,71,Verified,
EU006,Pearl barley,Europe,Europe,USDA SR28,20005,"Barley, pearled, raw",Raw,352.0,9.91,62.12,15.6,0.8,1.16,0.24,9.0,0.0,72,59,34,79,Verified,
EU007,Couscous (dry),Europe,Europe,USDA SR28,20028,"Couscous, dry",As sold / as eaten,376.0,12.76,72.43,5.0,,0.64,0.12,10.0,,45,39,38,84,Verified,
EU008,Polenta (cornmeal),Europe,Europe,USDA SR28,20422,"Cornmeal, degermed, unenriched, yellow",As sold / as eaten,370.0,7.11,75.55,3.9,1.61,1.75,0.22,7.0,0.0,44,37,23,80,Verified,
EU009,Kale,Europe,Europe,USDA SR28,11233,"Kale, raw",Raw,49.0,4.28,5.15,3.6,2.26,0.93,0.09,38.0,0.0,85,94,33,43,Verified,
EU010,Brussels sprouts,Europe,Europe,USDA SR28,11098,"Brussels sprouts, raw",Raw,43.0,3.38,5.15,3.8,2.2,0.3,0.06,25.0,0.0,79,92,29,43,Verified,
EU011,Leeks,Europe,Europe,USDA SR28,11246,"Leeks, (bulb and lower leaf-portion), raw",Raw,61.0,1.5,12.35,1.8,3.9,0.3,0.04,20.0,0.0,81,88,16,51,Verified,
EU012,Celeriac,Europe,Europe,USDA SR28,11141,"Celeriac, raw",Raw,42.0,1.5,7.4,1.8,1.6,0.3,0.08,100.0,0.0,80,92,18,47,Verified,
EU013,Fennel bulb,Europe,Europe,USDA SR28,11957,"Fennel, bulb, raw",Raw,31.0,1.24,4.2,3.1,3.93,0.2,0.09,52.0,0.0,79,92,18,42,Verified,
EU014,Parsnip,Europe,Europe,USDA SR28,11298,"Parsnips, raw",Raw,75.0,1.2,13.09,4.9,4.8,0.3,0.05,10.0,,80,92,13,46,Verified,
EU015,Red cabbage,Europe,Europe,USDA SR28,11112,"Cabbage, red, raw",Raw,31.0,1.43,5.27,2.1,3.83,0.16,0.02,27.0,0.0,82,93,20,45,Verified,
EU016,Sauerkraut,Europe,Europe,USDA SR28,11439,"Sauerkraut, canned, solids and liquids",As sold / as eaten,19.0,0.91,1.38,2.9,1.78,0.14,0.03,661.0,0.0,58,83,16,38,Verified,
EU017,Artichoke,Europe,Europe,USDA SR28,11007,"Artichokes, (globe or french), raw",Raw,47.0,3.27,5.11,5.4,0.99,0.15,0.04,94.0,0.0,82,93,28,41,Verified,
EU018,Asparagus,Europe,Europe,USDA SR28,11011,"Asparagus, raw",Raw,20.0,2.2,1.78,2.1,1.88,0.12,0.04,2.0,0.0,83,93,33,43,Verified,
EU019,Zucchini,Europe,Europe,USDA SR28,11477,"Squash, summer, zucchini, includes skin, raw",Raw,17.0,1.21,2.11,1.0,2.5,0.32,0.08,8.0,0.0,81,92,22,44,Verified,
EU020,Rocket (arugula),Europe,Europe,USDA SR28,11959,"Arugula, raw",Raw,25.0,2.58,2.05,1.6,2.05,0.66,0.09,27.0,0.0,85,94,33,44,Verified,
EU021,Watercress,Europe,Europe,USDA SR28,11591,"Watercress, raw",Raw,11.0,2.3,0.79,0.5,0.2,0.1,0.03,41.0,0.0,85,94,34,45,Verified,
EU022,Swiss chard,Europe,Europe,USDA SR28,11147,"Chard, swiss, raw",Raw,19.0,1.8,2.14,1.6,1.1,0.2,0.03,213.0,0.0,83,93,28,44,Verified,
EU023,Radicchio,Europe,Europe,USDA SR28,11952,"Radicchio, raw",Raw,23.0,1.43,3.58,0.9,0.6,0.25,0.06,22.0,0.0,85,94,23,46,Verified,
EU024,Endive,Europe,Europe,USDA SR28,11213,"Endive, raw",Raw,17.0,1.25,0.25,3.1,0.25,0.2,0.05,22.0,0.0,86,94,23,40,Verified,
EU025,"Olives, green",Europe,Europe,USDA SR28,09195,"Olives, pickled, canned or bottled, green",As sold / as eaten,145.0,1.03,0.54,3.3,0.54,15.32,2.03,1556.0,0.0,55,70,9,14,Verified,
EU026,"Olives, black",Europe,Europe,USDA SR28,09193,"Olives, ripe, canned (small-extra large)",As sold / as eaten,115.0,0.84,3.06,3.2,0.0,10.68,1.42,735.0,0.0,56,76,9,23,Verified,
EU027,Capers,Europe,Europe,USDA SR28,02054,"Capers, canned",As sold / as eaten,23.0,2.36,1.69,3.2,0.41,0.86,0.23,2348.0,0.0,30,72,27,35,Verified,
EU028,Horseradish,Europe,Europe,USDA SR28,02055,"Horseradish, prepared",As sold / as eaten,48.0,1.18,7.99,3.3,7.99,0.69,0.09,420.0,0.0,21,66,9,38,Verified,
EU029,Pears,Europe,Europe,USDA SR28,09252,"Pears, raw",Raw,57.0,0.36,12.13,3.1,9.75,0.14,0.02,1.0,0.0,75,81,9,47,Verified,
EU030,Plums,Europe,Europe,USDA SR28,09279,"Plums, raw",Raw,46.0,0.7,10.02,1.4,9.92,0.28,0.02,0.0,0.0,77,74,12,49,Verified,
EU031,Sweet cherries,Europe,Europe,USDA SR28,09070,"Cherries, sweet, raw",Raw,63.0,1.06,13.91,2.1,12.82,0.2,0.04,0.0,0.0,77,74,13,51,Verified,
EU032,Sour cherries,Europe,Europe,USDA SR28,09063,"Cherries, sour, red, raw",Raw,50.0,1.0,10.58,1.6,8.49,0.3,0.07,3.0,0.0,77,79,13,49,Verified,
EU033,Blackcurrants,Europe,Europe,USDA SR28,09083,"Currants, european black, raw",Raw,63.0,1.4,15.38,,,0.41,0.03,2.0,,76,84,15,55,Verified,
EU034,Redcurrants,Europe,Europe,USDA SR28,09084,"Currants, red and white, raw",Raw,56.0,1.4,9.5,4.3,7.37,0.2,0.02,1.0,0.0,81,92,16,45,Verified,
EU035,Gooseberries,Europe,Europe,USDA SR28,09107,"Gooseberries, raw",Raw,44.0,0.88,5.88,4.3,,0.58,0.04,1.0,0.0,84,94,14,41,Verified,
EU036,Raspberries,Europe,Europe,USDA SR28,09302,"Raspberries, raw",Raw,52.0,1.2,5.44,6.5,4.42,0.65,0.02,1.0,0.0,82,93,15,37,Verified,
EU037,Blackberries,Europe,Europe,USDA SR28,09042,"Blackberries, raw",Raw,43.0,1.39,4.31,5.3,4.88,0.49,0.01,1.0,0.0,82,93,17,39,Verified,
EU038,Blueberries,Europe,Europe,USDA SR28,09050,"Blueberries, raw",Raw,57.0,0.74,12.09,2.4,9.96,0.33,0.03,1.0,0.0,79,80,12,49,Verified,
EU039,Elderberries,Europe,Europe,USDA SR28,09088,"Elderberries, raw",Raw,73.0,0.66,11.4,7.0,,0.5,0.02,6.0,0.0,83,93,11,41,Verified,
EU040,Quince,Europe,Europe,USDA SR28,09296,"Quinces, raw",Raw,57.0,0.4,13.4,1.9,,0.1,0.01,4.0,0.0,79,92,10,51,Verified,
EU041,Rhubarb,Europe,Europe,USDA SR28,09307,"Rhubarb, raw",Raw,21.0,0.9,2.74,1.8,1.1,0.2,0.05,4.0,0.0,80,92,18,43,Verified,
EU042,Peaches,Europe,Europe,USDA SR28,09236,"Peaches, yellow, raw",Raw,39.0,0.91,8.04,1.5,8.39,0.25,0.02,0.0,0.0,77,78,14,47,Verified,
EU043,Nectarines,Europe,Europe,USDA SR28,09191,"Nectarines, raw",Raw,44.0,1.06,8.85,1.7,7.89,0.32,0.02,0.0,0.0,77,80,14,48,Verified,
EU044,Prunes,Europe,Europe,USDA SR28,09291,"Plums, dried (prunes), uncooked",As sold / as eaten,240.0,2.18,56.78,7.1,38.13,0.38,0.09,2.0,0.0,56,47,12,73,Verified,
EU045,Feta,Europe,Europe,USDA SR28,01019,"Cheese, feta",As sold / as eaten,264.0,14.21,4.09,0.0,4.09,21.28,14.95,917.0,0.0,26,41,43,28,Verified,
EU046,Parmesan,Europe,Europe,USDA SR28,01033,"Cheese, parmesan, hard",As sold / as eaten,392.0,35.75,3.22,0.0,0.8,25.83,16.41,1376.0,0.0,28,31,73,28,Verified,
EU047,Mozzarella,Europe,Europe,USDA SR28,01026,"Cheese, mozzarella, whole milk",As sold / as eaten,300.0,22.17,2.19,0.0,1.03,22.35,13.15,627.0,0.0,28,40,64,27,Verified,
EU048,Gouda,Europe,Europe,USDA SR28,01022,"Cheese, gouda",As sold / as eaten,356.0,24.94,2.22,0.0,2.22,27.44,17.61,819.0,0.0,27,33,69,27,Verified,
EU049,Cheddar,Europe,Europe,USDA SR28,01009,"Cheese, cheddar",As sold / as eaten,404.0,22.87,3.09,0.0,0.48,33.31,18.87,653.0,0.03,27,26,62,28,Verified,
EU050,Brie,Europe,Europe,USDA SR28,01006,"Cheese, brie",As sold / as eaten,334.0,20.75,0.45,0.0,0.45,27.68,17.41,629.0,0.0,27,35,59,26,Verified,
EU051,Camembert,Europe,Europe,USDA SR28,01007,"Cheese, camembert",As sold / as eaten,300.0,19.8,0.46,0.0,0.46,24.26,15.26,842.0,0.0,28,40,57,26,Verified,
EU052,Emmental (Swiss),Europe,Europe,USDA SR28,01040,"Cheese, swiss",As sold / as eaten,393.0,26.96,1.44,0.0,0.0,30.99,18.23,187.0,0.02,33,31,70,27,Verified,
EU053,Ricotta,Europe,Europe,USDA SR28,01036,"Cheese, ricotta, whole milk",As sold / as eaten,174.0,11.26,3.04,0.0,0.27,12.98,8.3,84.0,0.0,35,58,39,29,Verified,
EU054,Kefir,Europe,Europe,USDA SR28,01289,"Kefir, lowfat, plain, LIFEWAY",As sold / as eaten,41.0,3.79,4.48,0.0,4.61,0.93,0.66,40.0,0.0,54,73,30,46,Verified,
EU055,"Greek yogurt, plain",Europe,Europe,USDA SR28,01293,"Yogurt, Greek, plain, whole milk",As sold / as eaten,97.0,9.0,3.98,0.0,4.0,5.0,2.4,35.0,0.0,50,71,41,42,Verified,
EU056,Cottage cheese,Europe,Europe,USDA SR28,01012,"Cheese, cottage, creamed, large or small curd",As sold / as eaten,98.0,11.12,3.38,0.0,2.67,4.3,1.72,364.0,0.0,36,68,48,42,Verified,
EU057,Sour cream,Europe,Europe,USDA SR28,01056,"Cream, sour, cultured",As sold / as eaten,198.0,2.44,4.63,0.0,3.41,19.35,10.14,31.0,0.02,23,45,10,21,Verified,
EU058,Atlantic salmon,Europe,Europe,USDA SR28,15076,"Fish, salmon, Atlantic, wild, raw",Raw,142.0,19.84,0.0,0.0,,6.34,0.98,44.0,1.72,80,85,76,43,Verified,
EU059,"Salmon, farmed",Europe,Europe,USDA SR28,15236,"Fish, salmon, Atlantic, farmed, raw",Raw,208.0,20.42,0.0,0.0,0.0,13.42,3.05,59.0,2.36,74,72,69,32,Verified,
EU060,Herring,Europe,Europe,USDA SR28,15039,"Fish, herring, Atlantic, raw",Raw,158.0,17.96,0.0,0.0,0.0,9.04,2.04,90.0,1.63,75,79,67,39,Verified,
EU061,Atlantic mackerel,Europe,Europe,USDA SR28,15046,"Fish, mackerel, Atlantic, raw",Raw,205.0,18.6,0.0,0.0,0.0,13.89,3.26,90.0,2.51,73,71,64,31,Verified,
EU062,European anchovy,Europe,Europe,USDA SR28,15001,"Fish, anchovy, european, raw",Raw,131.0,20.35,0.0,0.0,0.0,4.84,1.28,104.0,1.48,76,86,80,45,Verified,
EU063,Cod,Europe,Europe,USDA SR28,15015,"Fish, cod, Atlantic, raw",Raw,82.0,17.81,0.0,0.0,0.0,0.67,0.13,54.0,0.19,70,88,81,51,Verified,
EU064,Haddock,Europe,Europe,USDA SR28,15033,"Fish, haddock, raw",Raw,74.0,16.32,0.0,0.0,0.0,0.45,0.09,213.0,0.14,67,87,78,51,Verified,
EU065,Trout,Europe,Europe,USDA SR28,15115,"Fish, trout, rainbow, wild, raw",Raw,119.0,20.48,0.0,0.0,,3.46,0.72,31.0,0.69,77,89,83,48,Verified,
EU066,Sea bass,Europe,Europe,USDA SR28,15091,"Fish, sea bass, mixed species, raw",Raw,97.0,18.43,0.0,0.0,0.0,2.0,0.51,68.0,0.67,73,89,81,49,Verified,
EU067,Mussels,Europe,Europe,USDA SR28,15164,"Mollusks, mussel, blue, raw",Raw,86.0,11.9,3.69,0.0,0.0,2.24,0.42,286.0,0.46,69,87,58,49,Verified,
EU068,Oysters,Europe,Europe,USDA SR28,15167,"Mollusks, oyster, eastern, wild, raw",Raw,51.0,5.71,2.72,0.0,0.62,1.71,0.47,85.0,0.32,70,88,39,46,Verified,
EU069,Squid (calamari),Europe,Europe,USDA SR28,15175,"Mollusks, squid, mixed species, raw",Raw,92.0,15.58,3.08,0.0,0.0,1.38,0.36,44.0,0.49,72,89,71,52,Verified,
EU070,Octopus,Europe,Europe,USDA SR28,15166,"Mollusks, octopus, common, raw",Raw,82.0,14.91,2.2,0.0,0.0,1.04,0.23,230.0,0.16,67,87,72,52,Verified,
EU071,Smoked salmon,Europe,Europe,USDA SR28,15077,"Fish, salmon, chinook, smoked",As sold / as eaten,117.0,18.28,0.0,0.0,0.0,4.32,0.93,672.0,0.52,48,76,72,43,Verified,
EU072,Pork loin,Europe,Europe,USDA SR28,10020,"Pork, fresh, loin, whole, separable lean and fat, raw",Raw,198.0,19.74,0.0,0.0,0.0,12.58,4.36,50.0,0.0,27,54,63,29,"Verified, with explanation",
EU073,Bacon,Europe,Europe,USDA SR28,10123,"Pork, cured, bacon, unprepared",As sold / as eaten,417.0,12.62,1.28,0.0,1.0,39.69,13.3,662.0,0.03,0,12,33,22,Verified,
EU074,"Ham, cured",Europe,Europe,USDA SR28,07029,"Ham, sliced, regular (approximately 11% fat)",As sold / as eaten,163.0,16.6,2.53,1.3,0.0,8.6,2.94,1143.0,0.0,3,51,54,32,Verified,
EU075,Salami,Europe,Europe,USDA SR28,07926,"Salami, Italian, pork",As sold / as eaten,425.0,21.7,1.2,0.0,1.2,37.0,13.1,1890.0,,0,12,56,23,Verified,
EU076,Bratwurst,Europe,Europe,USDA SR28,07013,"Bratwurst, pork, cooked",As sold / as eaten,333.0,13.72,2.85,0.0,0.0,29.18,10.0,846.0,0.0,0,23,37,24,Verified,
EU077,Veal,Europe,Europe,USDA SR28,17088,"Veal, composite of trimmed retail cuts, separable lean and fat, raw",Raw,144.0,19.35,0.0,0.0,,6.77,2.79,82.0,0.0,27,63,69,38,Verified,
EU078,Rabbit,Europe,Europe,USDA SR28,17177,"Game meat, rabbit, domesticated, composite of cuts, raw",Raw,136.0,20.05,0.0,0.0,,5.55,1.66,41.0,,35,68,73,40,Verified,
EU079,Venison,Europe,Europe,USDA SR28,17164,"Game meat, deer, raw",Raw,120.0,22.96,0.0,0.0,0.0,2.42,0.95,51.0,0.0,36,74,88,45,Verified,
EU080,Goose,Europe,Europe,USDA SR28,05146,"Goose, domesticated, meat and skin, raw",Raw,371.0,15.86,0.0,0.0,,33.62,9.78,73.0,0.0,36,33,46,26,Verified,
EU081,Hazelnuts,Europe,Europe,USDA SR28,12120,"Nuts, hazelnuts or filberts",As sold / as eaten,628.0,14.95,7.0,9.7,4.34,60.75,4.46,0.0,0.0,76,30,44,22,Verified,
EU082,Chestnuts,Europe,Europe,USDA SR28,12098,"Nuts, chestnuts, european, raw, peeled",Raw,196.0,1.63,44.17,,,1.25,0.24,2.0,,68,64,12,75,Verified,
EU083,Rapeseed (canola) oil,Europe,Europe,USDA SR28,04582,"Oil, canola",As sold / as eaten,884.0,0.0,0.0,0.0,0.0,100.0,7.36,0.0,0.0,54,22,5,19,Verified,
EU084,Extra virgin olive oil,Europe,Europe,USDA SR28,04053,"Oil, olive, salad or cooking",As sold / as eaten,884.0,0.0,0.0,0.0,0.0,100.0,13.81,2.0,0.0,63,25,6,20,Verified,
EU085,Walnut oil,Europe,Europe,USDA SR28,04528,"Oil, walnut",As sold / as eaten,884.0,0.0,0.0,0.0,0.0,100.0,9.1,0.0,0.0,58,23,6,19,Verified,
EU086,Green lentils,Europe,Europe,USDA SR28,16069,"Lentils, raw",Raw,352.0,24.63,52.65,10.7,2.03,1.06,0.15,6.0,0.0,81,62,74,77,Verified,
EU087,White beans (cannellini),Europe,Europe,USDA SR28,16049,"Beans, white, mature seeds, raw",Raw,333.0,23.36,45.07,15.2,2.11,0.85,0.22,16.0,0.0,82,68,71,72,Verified,
EU088,Fava beans,Europe,Europe,USDA SR28,16052,"Broadbeans (fava beans), mature seeds, raw",Raw,341.0,26.12,33.29,25.0,5.7,1.53,0.25,13.0,0.0,81,73,76,62,Verified,
EU089,Split peas,Europe,Europe,USDA SR28,16085,"Peas, green, split, mature seeds, raw",Raw,352.0,23.82,38.24,25.5,8.0,1.16,0.16,15.0,0.0,80,70,72,66,Verified,
EU090,Dill,Europe,Europe,USDA SR28,02045,"Dill weed, fresh",As sold / as eaten,43.0,3.46,4.92,2.1,,1.12,0.06,61.0,,73,89,29,44,Verified,
EU091,Parsley,Europe,Europe,USDA SR28,11297,"Parsley, fresh",As sold / as eaten,36.0,2.97,3.03,3.3,0.85,0.79,0.13,56.0,0.0,86,94,30,42,Verified,
EU092,Rosemary,Europe,Europe,USDA SR28,02063,"Rosemary, fresh",As sold / as eaten,131.0,3.31,6.6,14.1,,5.86,2.84,26.0,,68,87,18,27,Verified,
EU093,Thyme,Europe,Europe,USDA SR28,02049,"Thyme, fresh",As sold / as eaten,101.0,5.56,10.45,14.0,,1.68,0.47,9.0,,73,89,29,38,Verified,
EU094,Basil,Europe,Europe,USDA SR28,02044,"Basil, fresh",As sold / as eaten,23.0,3.15,1.05,1.6,0.3,0.64,0.04,4.0,0.0,74,90,39,42,Verified,
EU095,Oregano,Europe,Europe,USDA SR28,02027,"Spices, oregano, dried",As sold / as eaten,265.0,9.0,26.42,42.5,4.09,4.28,1.55,25.0,0.0,72,89,33,48,Verified,
EU096,Cocoa powder,Europe,Europe,USDA SR28,19165,"Cocoa, dry powder, unsweetened",As sold / as eaten,228.0,19.6,20.9,37.0,1.75,13.7,8.07,21.0,0.0,57,83,64,32,"Verified, with explanation",
EU097,Black tea (brewed),Europe,Europe,USDA SR28,14355,"Beverages, tea, black, brewed, prepared with tap water",As sold / as eaten,1.0,0.0,0.3,0.0,0.0,0.0,0.0,3.0,0.0,57,83,6,42,Verified,
EU098,Espresso,Europe,Europe,USDA SR28,14210,"Beverages, coffee, brewed, espresso, restaurant-prepared",As sold / as eaten,9.0,0.12,1.67,0.0,0.0,0.18,0.09,14.0,0.0,58,83,7,43,Verified,
EU099,Croissant,Europe,Europe,USDA SR28,18239,"Croissants, butter",As sold / as eaten,406.0,8.2,43.2,2.6,11.26,21.0,11.66,467.0,0.0,18,19,23,48,"Verified, with explanation",
EU100,Sourdough-style French bread,Europe,Europe,USDA SR28,18029,"Bread, french or vienna (includes sourdough)",As sold / as eaten,272.0,10.75,49.68,2.2,4.62,2.42,0.53,602.0,0.0,25,41,33,75,Verified,
GL001,Tofu (firm),Global,Global,USDA SR28,16426,"Tofu, raw, firm, prepared with calcium sulfate",Raw,144.0,17.27,0.48,2.3,,8.72,1.26,14.0,,81,88,67,36,Verified,
GL002,Tempeh,Global,Global,USDA SR28,16114,Tempeh,As sold / as eaten,192.0,20.29,7.64,,,10.8,2.54,9.0,,74,74,70,42,Verified,
GL003,Edamame,Global,Global,USDA SR28,11211,"Edamame, frozen, unprepared",As sold / as eaten,109.0,11.22,2.81,4.8,2.48,4.73,,6.0,,82,93,51,38,Verified,
GL004,Miso,Global,Global,USDA SR28,16112,Miso,As sold / as eaten,198.0,12.79,19.97,5.4,6.2,6.01,1.02,3728.0,0.0,72,73,46,48,"Verified, with explanation",
GL005,Natto,Global,Global,USDA SR28,16113,Natto,As sold / as eaten,211.0,19.4,7.28,5.4,4.89,11.0,1.59,7.0,0.0,83,79,67,33,Verified,
GL006,Soy milk (unfortified),Global,Global,USDA SR28,16120,"Soymilk, original and vanilla, unfortified",As sold / as eaten,54.0,3.27,5.68,0.6,3.99,1.75,0.2,51.0,0.0,47,73,23,43,Verified,
GL007,Nori (laver seaweed),Global,Global,USDA SR28,11446,"Seaweed, laver, raw",Raw,35.0,5.81,4.81,0.3,0.49,0.28,0.06,48.0,0.08,73,89,50,49,Verified,
GL008,Wakame,Global,Global,USDA SR28,11669,"Seaweed, wakame, raw",Raw,45.0,3.03,8.64,0.5,0.65,0.64,0.13,872.0,0.19,64,86,25,49,Verified,
GL009,Kelp,Global,Global,USDA SR28,11445,"Seaweed, kelp, raw",Raw,43.0,1.68,8.27,1.3,0.6,0.56,0.25,233.0,0.0,73,89,18,47,Verified,
GL010,Spirulina (dried),Global,Global,USDA SR28,11667,"Seaweed, spirulina, dried",As sold / as eaten,290.0,57.47,20.3,3.6,3.1,7.72,2.65,1048.0,0.0,65,67,96,49,"Verified, with explanation",
GL011,Mushrooms (shiitake),Global,Global,USDA SR28,11238,"Mushrooms, shiitake, raw",Raw,34.0,2.24,4.29,2.5,2.38,0.49,,9.0,,80,92,25,44,Verified,
GL012,Mushrooms (portabella),Global,Global,USDA SR28,11265,"Mushrooms, portabella, raw",Raw,22.0,2.11,2.57,1.3,2.5,0.35,0.06,9.0,,80,92,30,44,Verified,
GL013,Mushrooms (oyster),Global,Global,USDA SR28,11987,"Mushrooms, oyster, raw",Raw,33.0,3.31,3.79,2.3,1.11,0.41,0.06,18.0,0.0,82,93,33,45,Verified,
GL014,Mushrooms (enoki),Global,Global,USDA SR28,11950,"Mushrooms, enoki, raw",Raw,37.0,2.66,5.11,2.7,0.22,0.29,0.02,3.0,0.0,82,93,27,45,Verified,
GL015,Bok choy,Global,Global,USDA SR28,11116,"Cabbage, chinese (pak-choi), raw",Raw,13.0,1.5,1.18,1.0,1.18,0.2,0.03,65.0,0.0,84,94,25,44,Verified,
GL016,Napa cabbage,Global,Global,USDA SR28,11119,"Cabbage, chinese (pe-tsai), raw",Raw,16.0,1.2,2.03,1.2,1.41,0.2,0.04,9.0,0.0,84,94,22,44,Verified,
GL017,Quinoa,Global,Global,USDA SR28,20035,"Quinoa, uncooked",As sold / as eaten,368.0,14.12,57.16,7.0,,6.07,0.71,5.0,0.05,75,53,45,74,"Verified, with explanation",
GL018,Chia seeds,Global,Global,USDA SR28,12006,"Seeds, chia seeds, dried",As sold / as eaten,486.0,16.54,7.72,34.4,,30.74,3.33,16.0,,78,52,50,23,Verified,
GL019,Kiwi,Global,Global,USDA SR28,09148,"Kiwifruit, green, raw",Raw,61.0,1.14,11.66,3.0,8.99,0.52,0.03,3.0,0.0,77,83,14,47,Verified,
GL020,Dark chocolate (70-85%),Global,Global,USDA SR28,19904,"Chocolate, dark, 70-85% cacao solids",As sold / as eaten,598.0,7.79,35.0,10.9,23.99,42.63,24.49,20.0,0.0,42,17,23,35,Verified,
GL021,Dark chocolate (45-59%),Global,Global,USDA SR28,19902,"Chocolate, dark, 45- 59% cacao solids",As sold / as eaten,546.0,4.88,54.17,7.0,47.9,31.28,18.52,24.0,0.0,20,8,14,47,Verified,
GL022,Milk chocolate,Global,Global,USDA SR28,19120,"Candies, milk chocolate",As sold / as eaten,535.0,7.65,56.0,3.4,51.5,29.66,18.51,79.0,0.0,0,0,19,54,Verified,
GL023,Black beans,Global,Global,USDA SR28,16014,"Beans, black, mature seeds, raw",Raw,341.0,21.6,46.86,15.5,2.12,1.42,0.37,5.0,0.0,82,67,66,73,Verified,
GL024,Pinto beans,Global,Global,USDA SR28,16042,"Beans, pinto, mature seeds, raw",Raw,347.0,21.42,47.05,15.5,2.11,1.23,0.24,12.0,0.0,82,66,66,73,Verified,
GL025,Navy beans,Global,Global,USDA SR28,16037,"Beans, navy, mature seeds, raw",Raw,337.0,22.33,45.45,15.3,3.88,1.5,0.17,5.0,0.0,81,67,68,71,Verified,
GL026,Lima beans (large),Global,Global,USDA SR28,16071,"Lima beans, large, mature seeds, raw",Raw,338.0,21.46,44.38,19.0,8.5,0.69,0.16,18.0,0.0,80,67,66,72,Verified,
GL027,Adzuki beans,Global,Global,USDA SR28,16001,"Beans, adzuki, mature seeds, raw",Raw,329.0,19.87,50.2,12.7,,0.53,0.19,5.0,,81,67,62,76,Verified,
GL028,Broccoli,Global,Global,USDA SR28,11090,"Broccoli, raw",Raw,34.0,2.82,4.04,2.6,1.7,0.37,0.04,33.0,0.0,83,93,29,44,Verified,
GL029,"Peppers (sweet, red)",Global,Global,USDA SR28,11821,"Peppers, sweet, red, raw",Raw,31.0,0.99,3.93,2.1,4.2,0.3,0.03,4.0,0.0,80,92,16,44,Verified,
GL030,"Peppers (sweet, yellow)",Global,Global,USDA SR28,11951,"Peppers, sweet, yellow, raw",Raw,27.0,1.0,5.42,0.9,,0.21,0.03,2.0,,82,93,17,47,Verified,
GL031,Cranberries,Global,Global,USDA SR28,09078,"Cranberries, raw",Raw,46.0,0.46,8.37,3.6,4.27,0.13,0.01,2.0,0.0,80,92,11,44,Verified,
GL032,Lime,Global,Global,USDA SR28,09159,"Limes, raw",Raw,30.0,0.7,7.74,2.8,1.69,0.2,0.02,2.0,0.0,79,92,14,45,Verified,
GL033,Grapefruit (pink),Global,Global,USDA SR28,09112,"Grapefruit, raw, pink and red, all areas",Raw,42.0,0.77,9.06,1.6,6.89,0.14,0.02,0.0,0.0,77,81,13,48,Verified,
GL034,Tangerine (mandarin),Global,Global,USDA SR28,09218,"Tangerines, (mandarin oranges), raw",Raw,53.0,0.81,11.54,1.8,10.58,0.31,0.04,2.0,0.0,77,76,12,49,Verified,
GL035,Honeydew melon,Global,Global,USDA SR28,09184,"Melons, honeydew, raw",Raw,36.0,0.54,8.29,0.8,8.12,0.14,0.04,18.0,0.0,74,71,11,48,Verified,
GL036,Persimmon,Global,Global,USDA SR28,09263,"Persimmons, japanese, raw",Raw,70.0,0.58,14.99,3.6,12.53,0.19,0.02,1.0,0.0,75,78,10,49,Verified,
GL037,Passion fruit,Global,Global,USDA SR28,09231,"Passion-fruit, (granadilla), purple, raw",Raw,97.0,2.2,12.98,10.4,11.2,0.7,0.06,28.0,0.0,78,91,17,40,Verified,
GL038,Longans,Global,Global,USDA SR28,09172,"Longans, raw",Raw,60.0,1.31,14.04,1.1,,0.1,,0.0,,77,90,14,53,Verified,
GL039,Durian,Global,Global,USDA SR28,09422,"Durian, raw or frozen",Raw,147.0,1.47,23.29,3.8,,5.33,,2.0,,78,80,13,48,Verified,
GL040,Plantains,Global,Global,USDA SR28,09277,"Plantains, raw",Raw,122.0,1.3,29.59,2.3,15.0,0.37,0.14,4.0,0.0,74,69,12,62,Verified,
GL041,Yam,Global,Global,USDA SR28,11601,"Yam, raw",Raw,118.0,1.53,23.78,4.1,0.5,0.17,0.04,9.0,0.0,56,77,11,53,Verified,
GL042,Jicama,Global,Global,USDA SR28,11603,"Yambean (jicama), raw",Raw,38.0,0.72,3.92,4.9,1.8,0.09,0.02,4.0,0.0,81,92,13,39,Verified,
GL043,"Turkey (breast, from whole bird)",Global,Global,USDA SR28,05219,"Turkey, breast, from whole bird, meat only, raw",Raw,114.0,23.66,0.14,0.0,0.05,1.48,0.29,113.0,0.0,50,80,92,48,Verified,
GL044,Ground beef (85% lean),Global,Global,USDA SR28,23567,"Beef, ground, 85% lean meat / 15% fat, raw",Raw,215.0,18.59,0.0,0.0,0.0,15.0,5.72,66.0,0.02,24,50,58,25,Verified,
GL045,"Beef (top sirloin, steak)",Global,Global,USDA SR28,13929,"Beef, top sirloin, steak, separable lean and fat, trimmed to 1/8"" fat, all grades, raw",Raw,201.0,20.3,0.0,0.0,0.0,12.71,5.13,52.0,0.0,25,53,65,28,Verified,
GL046,Bison,Global,Global,USDA SR28,17156,"Game meat, bison, separable lean only, raw",Raw,109.0,21.62,0.0,0.0,,1.84,0.69,54.0,,36,74,86,46,Verified,
GL047,Tuna (yellowfin),Global,Global,USDA SR28,15127,"Fish, tuna, fresh, yellowfin, raw",Raw,109.0,24.4,0.0,0.0,0.0,0.49,0.17,45.0,0.1,69,88,96,51,Verified,
GL048,"Tuna, canned in water",Global,Global,USDA SR28,15121,"Fish, tuna, light, canned in water, drained solids",As sold / as eaten,86.0,19.44,0.0,0.0,0.0,0.96,0.21,247.0,0.23,60,84,84,50,Verified,
GL049,"Sardines, canned in oil",Global,Global,USDA SR28,15088,"Fish, sardine, Atlantic, canned in oil, drained solids with bone",As sold / as eaten,208.0,24.62,0.0,0.0,0.0,11.45,1.53,307.0,0.98,68,71,81,35,Verified,
GL050,Lobster (northern),Global,Global,USDA SR28,15147,"Crustaceans, lobster, northern, raw",Raw,77.0,16.52,0.0,0.0,0.0,0.75,0.18,423.0,0.18,64,86,78,50,Verified,
GL051,Scallop,Global,Global,USDA SR28,15172,"Mollusks, scallop, mixed species, raw",Raw,69.0,12.06,3.18,0.0,0.0,0.49,0.13,392.0,0.11,65,86,64,51,Verified,
GL052,Clam,Global,Global,USDA SR28,15157,"Mollusks, clam, mixed species, raw",Raw,86.0,14.67,3.57,0.0,0.0,0.96,0.19,601.0,0.11,59,84,68,52,Verified,
GL053,Pollock (Alaska),Global,Global,USDA SR28,15266,"Fish, pollock, Alaska, raw (not previously frozen)",Raw,70.0,17.17,0.0,,,0.19,0.04,159.0,0.06,67,87,80,51,Verified,
GL054,Halibut (Atlantic and Pacific),Global,Global,USDA SR28,15036,"Fish, halibut, Atlantic and Pacific, raw",Raw,91.0,18.56,0.0,0.0,0.0,1.33,0.29,68.0,0.21,70,88,83,50,Verified,
GL055,Salmon (pink),Global,Global,USDA SR28,15083,"Fish, salmon, pink, raw",Raw,127.0,20.5,0.0,0.0,0.0,4.4,0.81,75.0,0.56,74,86,81,46,Verified,
GL056,Salmon (sockeye),Global,Global,USDA SR28,15085,"Fish, salmon, sockeye, raw",Raw,131.0,22.25,0.0,0.0,0.0,4.69,0.81,78.0,0.8,76,87,86,46,Verified,
GL057,"Catfish (channel, farmed)",Global,Global,USDA SR28,15234,"Fish, catfish, channel, farmed, raw",Raw,119.0,15.23,0.0,0.0,0.0,5.94,1.31,98.0,0.09,68,82,63,43,Verified,
GL058,Swordfish,Global,Global,USDA SR28,15110,"Fish, swordfish, raw",Raw,144.0,19.66,0.0,0.0,0.0,6.65,1.6,81.0,0.9,75,83,75,43,Verified,
GL059,Milk (nonfat),Global,Global,USDA SR28,01085,"Milk, nonfat, fluid, with added vitamin A and vitamin D (fat free or skim)",As sold / as eaten,34.0,3.37,4.96,0.0,5.09,0.08,0.06,42.0,0.0,48,69,30,46,Verified,
GL060,Milk (2% fat),Global,Global,USDA SR28,01079,"Milk, reduced fat, fluid, 2% milkfat, with added vitamin A and vitamin D",As sold / as eaten,50.0,3.3,4.8,0.0,5.06,1.98,1.26,47.0,0.0,48,69,24,43,Verified,
GL061,Cream (heavy whipping),Global,Global,USDA SR28,01053,"Cream, fluid, heavy whipping",As sold / as eaten,340.0,2.84,2.74,0.0,2.92,36.08,23.03,27.0,0.03,23,28,10,20,Verified,
GL062,Vanilla ice cream,Global,Global,USDA SR28,19095,"Ice creams, vanilla",As sold / as eaten,207.0,3.5,22.9,0.7,21.22,11.0,6.79,80.0,0.0,0,28,11,38,Verified,
GL063,Cream cheese,Global,Global,USDA SR28,01017,"Cheese, cream",As sold / as eaten,350.0,6.15,5.52,0.0,3.76,34.44,20.21,314.0,0.03,19,26,18,23,Verified,
GL064,Quail egg,Global,Global,USDA SR28,01140,"Egg, quail, whole, fresh, raw",Raw,158.0,13.05,0.41,0.0,0.4,11.09,3.56,141.0,0.0,49,66,48,32,Verified,
GL065,Cola,Global,Global,USDA SR28,14148,"Beverages, carbonated, cola, regular",As sold / as eaten,42.0,0.0,10.36,0.0,9.94,0.25,0.0,3.0,0.0,0,34,0,43,Verified,
GL066,Orange juice,Global,Global,USDA SR28,09206,"Orange juice, raw",Raw,45.0,0.7,10.2,0.2,8.4,0.2,0.02,1.0,0.0,25,50,7,46,Verified,
GL067,"Apple juice (canned or bottled, unsweetened)",Global,Global,USDA SR28,09016,"Apple juice, canned or bottled, unsweetened, without added ascorbic acid",As sold / as eaten,46.0,0.1,11.1,0.2,9.62,0.13,0.02,4.0,0.0,23,46,3,46,Verified,
GL068,"Almond milk (unsweetened, shelf stable)",Global,Global,USDA SR28,14091,"Beverages, almond milk, unsweetened, shelf stable",As sold / as eaten,15.0,0.59,0.58,0.0,0.0,1.1,0.0,71.0,0.0,48,79,11,40,Verified,
GL069,"Tea (green, brewed)",Global,Global,USDA SR28,14278,"Beverages, tea, green, brewed, regular",As sold / as eaten,1.0,0.22,0.0,0.0,0.0,0.0,0.0,1.0,0.0,55,82,8,42,Verified,
GL070,Coffee (brewed),Global,Global,USDA SR28,14209,"Beverages, coffee, brewed, prepared with tap water",As sold / as eaten,1.0,0.12,0.0,0.0,0.0,0.02,0.0,2.0,0.0,58,83,7,42,Verified,
GL071,Beer,Global,Global,USDA SR28,14003,"Alcoholic beverage, beer, regular, all",As sold / as eaten,43.0,0.46,3.55,0.0,0.0,0.0,0.0,4.0,0.0,6,58,4,40,Verified,
GL072,Red wine,Global,Global,USDA SR28,14096,"Alcoholic beverage, wine, table, red",As sold / as eaten,85.0,0.07,2.61,0.0,0.62,0.0,0.0,4.0,0.0,6,52,1,39,Verified,
GL073,Bread (whole-wheat),Global,Global,USDA SR28,18075,"Bread, whole-wheat, commercially prepared",As sold / as eaten,252.0,12.45,36.71,6.0,4.34,3.5,0.72,455.0,0.0,67,64,42,62,Verified,
GL074,Bagel (plain),Global,Global,USDA SR28,18001,"Bagels, plain, enriched, with calcium propionate (includes onion, poppy, sesame)",As sold / as eaten,264.0,10.56,50.78,1.6,8.43,1.32,0.36,422.0,0.0,26,40,33,78,Verified,
GL075,Tortillas (corn),Global,Global,USDA SR28,18363,"Tortillas, ready-to-bake or -fry, corn",As sold / as eaten,218.0,5.7,38.34,6.3,0.88,2.85,0.45,45.0,0.0,39,58,21,57,Verified,
GL076,"Tortillas (flour, refrigerated)",Global,Global,USDA SR28,18364,"Tortillas, ready-to-bake or -fry, flour, refrigerated",As sold / as eaten,306.0,8.2,45.88,3.5,3.71,7.99,2.92,736.0,0.0,24,36,25,60,Verified,
GL077,Wild rice,Global,Global,USDA SR28,20088,"Wild rice, raw",Raw,357.0,14.73,68.7,6.2,2.5,1.08,0.16,7.0,0.0,70,52,46,85,Verified,
GL078,Millet,Global,Global,USDA SR28,20031,"Millet, raw",Raw,378.0,11.02,64.35,8.5,,4.22,0.72,5.0,,74,52,36,75,Verified,
GL079,Teff,Global,Global,USDA SR28,20142,"Teff, uncooked",As sold / as eaten,367.0,13.3,65.13,8.0,1.84,2.38,0.45,12.0,,70,51,42,79,Verified,
GL080,Rice noodles,Global,Global,USDA SR28,20133,"Rice noodles, dry",As sold / as eaten,364.0,5.95,78.58,1.6,0.12,0.56,0.15,182.0,0.0,40,35,20,85,Verified,
GL081,"Noodles (japanese, soba)",Global,Global,USDA SR28,20114,"Noodles, japanese, soba, dry",As sold / as eaten,336.0,14.38,74.62,,,0.71,0.14,792.0,,34,36,42,92,Verified,
GL082,Noodles (egg),Global,Global,USDA SR28,20109,"Noodles, egg, dry, enriched",As sold / as eaten,384.0,14.16,67.97,3.3,1.88,4.44,1.18,21.0,0.0,46,37,42,82,"Verified, with explanation",
GL083,Popcorn (air-popped),Global,Global,USDA SR28,19034,"Snacks, popcorn, air-popped",As sold / as eaten,387.0,12.94,63.28,14.5,0.87,4.54,0.64,8.0,0.0,65,51,40,75,Verified,
GL084,Potato chips (salted),Global,Global,USDA SR28,19411,"Snacks, potato chips, plain, salted",As sold / as eaten,532.0,6.39,50.73,3.1,0.33,33.98,3.4,527.0,0.0,15,6,17,52,Verified,
GL085,"Pretzels (hard, salted)",Global,Global,USDA SR28,19047,"Snacks, pretzels, hard, plain, salted",As sold / as eaten,384.0,10.04,76.99,3.4,2.21,2.93,0.39,1240.0,0.0,11,22,27,78,Verified,
GL086,"Tortilla chips (white corn, salted)",Global,Global,USDA SR28,19056,"Snacks, tortilla chips, plain, white corn, salted",As sold / as eaten,472.0,7.1,62.38,5.4,0.78,20.68,2.81,328.0,0.0,10,11,19,55,Verified,
GL087,Rice cakes (brown rice),Global,Global,USDA SR28,19816,"Snacks, rice cakes, brown rice, plain, unsalted",As sold / as eaten,387.0,8.2,77.3,4.2,0.88,2.8,0.57,26.0,0.0,39,33,25,79,Verified,
GL088,Maple syrup,Global,Global,USDA SR28,19353,"Syrups, maple",As sold / as eaten,260.0,0.04,67.04,0.0,60.46,0.06,0.01,12.0,0.0,0,8,0,81,Verified,
GL089,Peanut butter (unsalted),Global,Global,USDA SR28,16398,"Peanut butter, smooth style, without salt",As sold / as eaten,598.0,22.21,17.31,5.0,10.49,51.36,10.32,17.0,0.0,69,28,62,34,Verified,
GL090,Almond butter (unsalted),Global,Global,USDA SR28,12195,"Nuts, almond butter, plain, without salt added",As sold / as eaten,614.0,20.96,8.52,10.3,4.43,55.5,4.15,7.0,,76,30,59,23,Verified,
GL091,Tahini,Global,Global,USDA SR28,12166,"Seeds, sesame butter, tahini, from roasted and toasted kernels (most common type)",As sold / as eaten,595.0,17.0,11.89,9.3,0.49,53.76,7.53,115.0,0.0,72,29,49,25,Verified,
GL092,Hummus,Global,Global,USDA SR28,16158,"Hummus, commercial",As sold / as eaten,166.0,7.9,8.29,6.0,,9.6,1.44,379.0,,64,78,32,29,Verified,
GL093,Mayonnaise,Global,Global,USDA SR28,04025,"Salad dressing, mayonnaise, regular",As sold / as eaten,680.0,0.96,0.57,0.0,0.57,74.85,11.7,635.0,0.0,16,6,4,16,"Verified, with explanation",
GL094,"Margarine (80% fat, composite)",Global,Global,USDA SR28,04610,"Margarine, regular, 80% fat, composite, stick, with salt",As sold / as eaten,717.0,0.16,0.7,0.0,0.0,80.71,15.19,751.0,0.01,0,0,0,14,Verified,
GL095,Lard,Global,Global,USDA SR28,04002,Lard,As sold / as eaten,902.0,0.0,0.0,0.0,0.0,100.0,39.2,0.0,0.0,14,6,1,15,Verified,
GL096,Cabbage (kimchi),Global,Global,USDA SR28,11118,"Cabbage, kimchi",As sold / as eaten,15.0,1.1,0.8,1.6,1.06,0.5,0.07,498.0,0.0,60,84,18,40,Verified,
GL097,"Pickles (cucumber, dill or kosher dill)",Global,Global,USDA SR28,11937,"Pickles, cucumber, dill or kosher dill",As sold / as eaten,12.0,0.5,1.41,1.0,1.07,0.3,0.08,809.0,0.0,25,70,8,38,Verified,
GL098,Tamari,Global,Global,USDA SR28,16124,Soy sauce made from soy (tamari),As sold / as eaten,60.0,10.51,4.77,0.8,1.7,0.1,0.01,5586.0,0.0,26,70,57,47,Verified,
GL099,Ketchup,Global,Global,USDA SR28,11935,Catsup,As sold / as eaten,101.0,1.04,27.1,0.3,21.27,0.1,0.01,907.0,0.0,11,35,5,57,Verified,
GL100,Macadamia nuts,Global,Global,USDA SR28,12131,"Nuts, macadamia nuts, raw",Raw,718.0,7.91,5.22,8.6,4.57,75.77,12.06,5.0,0.0,71,28,26,16,Verified,
GL101,Pecans,Global,Global,USDA SR28,12142,"Nuts, pecans",As sold / as eaten,691.0,9.17,4.26,9.6,3.97,71.97,6.18,0.0,0.0,74,30,30,16,"Verified, with explanation",
GL102,Brazil nuts,Global,Global,USDA SR28,12078,"Nuts, brazilnuts, dried, unblanched",As sold / as eaten,659.0,14.32,4.24,7.5,2.33,67.1,16.13,3.0,0.0,69,28,42,20,Verified,
GL103,Pumpkin seeds,Global,Global,USDA SR28,12014,"Seeds, pumpkin and squash seed kernels, dried",As sold / as eaten,559.0,30.23,4.71,6.0,1.4,49.05,8.66,7.0,0.0,73,29,71,23,Verified,
GL104,Hemp seed (hulled),Global,Global,USDA SR28,12012,"Seeds, hemp seed, hulled",As sold / as eaten,553.0,31.56,4.67,4.0,1.5,48.75,4.6,5.0,,75,30,72,27,Verified,
GL105,"Squash (winter, butternut)",Global,Global,USDA SR28,11485,"Squash, winter, butternut, raw",Raw,45.0,1.0,9.69,2.0,2.2,0.1,0.02,4.0,0.0,81,92,14,48,Verified,
GL106,"Squash (winter, acorn)",Global,Global,USDA SR28,11482,"Squash, winter, acorn, raw",Raw,40.0,0.8,8.92,1.5,,0.1,0.02,3.0,,82,93,14,49,Verified,
GL107,"Squash (winter, spaghetti)",Global,Global,USDA SR28,11492,"Squash, winter, spaghetti, raw",Raw,31.0,0.64,5.41,1.5,2.76,0.57,0.12,17.0,,80,92,13,45,Verified,
GL108,Peppers (jalapeno),Global,Global,USDA SR28,11979,"Peppers, jalapeno, raw",Raw,29.0,0.91,3.7,2.8,4.12,0.37,0.09,3.0,0.0,80,92,16,42,Verified,
GL109,Tomatillos,Global,Global,USDA SR28,11954,"Tomatillos, raw",Raw,32.0,0.96,3.94,1.9,3.93,1.02,0.14,1.0,0.0,80,92,15,43,Verified,
GL110,Mushrooms (maitake),Global,Global,USDA SR28,11993,"Mushrooms, maitake, raw",Raw,31.0,1.94,4.27,2.7,2.07,0.19,0.03,1.0,0.0,80,92,23,44,Verified,
GL111,Broccoli raab,Global,Global,USDA SR28,11096,"Broccoli raab, raw",Raw,22.0,3.17,0.15,2.7,0.38,0.49,0.05,33.0,0.0,85,94,41,41,Verified,
GL112,Celery,Global,Global,USDA SR28,11143,"Celery, raw",Raw,16.0,0.69,1.37,1.6,1.34,0.17,0.04,80.0,0.0,80,92,16,42,Verified,
GL113,"Mushrooms (brown, italian)",Global,Global,USDA SR28,11266,"Mushrooms, brown, italian, or crimini, raw",Raw,22.0,2.5,3.7,0.6,1.72,0.1,0.01,6.0,0.0,81,92,34,47,Verified,
GL114,Mushrooms (morel),Global,Global,USDA SR28,11240,"Mushrooms, morel, raw",Raw,31.0,3.12,2.3,2.8,0.6,0.57,0.06,21.0,0.0,83,93,33,42,Verified,
GL115,Turnip greens,Global,Global,USDA SR28,11568,"Turnip greens, raw",Raw,32.0,1.5,3.93,3.2,0.81,0.3,0.07,40.0,0.0,84,94,20,42,Verified,
GL116,Beet greens,Global,Global,USDA SR28,11086,"Beet greens, raw",Raw,22.0,2.2,0.63,3.7,0.5,0.13,0.02,226.0,0.0,84,94,31,40,Verified,
GL117,Burdock root,Global,Global,USDA SR28,11104,"Burdock root, raw",Raw,72.0,1.53,14.04,3.3,2.9,0.15,0.02,5.0,0.0,81,92,15,50,Verified,
GL118,Collards,Global,Global,USDA SR28,11161,"Collards, raw",Raw,32.0,3.02,1.42,4.0,0.46,0.61,0.06,17.0,0.0,87,95,32,40,Verified,
GL119,Chives,Global,Global,USDA SR28,11156,"Chives, raw",Raw,30.0,3.27,1.85,2.5,1.85,0.73,0.15,3.0,0.0,86,94,35,43,Verified,
GL120,Nopales,Global,Global,USDA SR28,11963,"Nopales, raw",Raw,16.0,1.32,1.13,2.2,1.15,0.09,0.02,21.0,0.0,82,93,23,42,Verified,
GL121,Snow peas,Global,Global,USDA SR28,11300,"Peas, edible-podded, raw",Raw,42.0,2.8,4.95,2.6,4.0,0.2,0.04,4.0,0.0,75,90,26,44,Verified,
GL122,"Peppers (hot chili, green)",Global,Global,USDA SR28,11670,"Peppers, hot chili, green, raw",Raw,40.0,2.0,7.96,1.5,5.1,0.2,0.02,7.0,0.0,80,88,21,48,Verified,
GL123,Peppers (hungarian),Global,Global,USDA SR28,11981,"Peppers, hungarian, raw",Raw,29.0,0.8,5.7,1.0,3.53,0.41,0.05,1.0,0.0,80,88,15,46,Verified,
GL124,Shallots,Global,Global,USDA SR28,11677,"Shallots, raw",Raw,72.0,2.5,13.6,3.2,7.87,0.1,0.02,12.0,0.0,80,87,20,50,"Verified, with explanation",
GL125,Alfalfa sprouts,Global,Global,USDA SR28,11001,"Alfalfa seeds, sprouted, raw",Raw,23.0,3.99,0.2,1.9,0.2,0.69,0.07,6.0,0.0,82,93,48,43,Verified,
GL126,Chicory greens,Global,Global,USDA SR28,11152,"Chicory greens, raw",Raw,23.0,1.7,0.7,4.0,0.7,0.3,0.07,45.0,0.0,85,94,25,39,Verified,
GL127,Grape leaves,Global,Global,USDA SR28,11974,"Grape leaves, raw",Raw,93.0,5.6,6.31,11.0,6.3,2.12,0.34,9.0,0.0,84,94,31,36,Verified,
GL128,Rutabagas,Global,Global,USDA SR28,11435,"Rutabagas, raw",Raw,37.0,1.08,6.32,2.3,4.46,0.16,0.03,12.0,0.0,80,92,16,45,Verified,
GL129,Pepper (banana),Global,Global,USDA SR28,11976,"Pepper, banana, raw",Raw,27.0,1.66,1.95,3.4,1.95,0.45,0.05,13.0,0.0,82,93,23,40,Verified,
GL130,Peppers (serrano),Global,Global,USDA SR28,11977,"Peppers, serrano, raw",Raw,32.0,1.74,3.0,3.7,3.83,0.44,0.06,10.0,0.0,81,92,22,40,Verified,
GL131,Cress (garden),Global,Global,USDA SR28,11203,"Cress, garden, raw",Raw,32.0,2.6,4.4,1.1,4.4,0.7,0.02,14.0,0.0,83,91,29,46,Verified,
GL132,Dandelion greens,Global,Global,USDA SR28,11207,"Dandelion greens, raw",Raw,45.0,2.7,5.7,3.5,0.71,0.7,0.17,76.0,0.0,84,94,25,43,Verified,
GL133,Agar,Global,Global,USDA SR28,11442,"Seaweed, agar, raw",Raw,26.0,0.54,6.25,0.5,0.28,0.03,0.01,9.0,0.01,73,89,12,47,Verified,
GL134,Irish moss,Global,Global,USDA SR28,11444,"Seaweed, irishmoss, raw",Raw,49.0,1.51,10.99,1.3,0.61,0.16,0.03,67.0,0.05,73,89,16,50,"Verified, with explanation",
GL135,Hearts of palm,Global,Global,USDA SR28,43392,"Hearts of palm, raw",Raw,115.0,2.7,24.11,1.5,17.16,0.2,0.05,14.0,0.0,74,67,17,60,Verified,
GL136,Broccoli (chinese),Global,Global,USDA SR28,11994,"Broccoli, chinese, raw",Raw,30.0,1.2,2.07,2.6,0.88,0.76,0.12,7.0,0.0,82,93,18,41,Verified,
GL137,Fava beans (in pod),Global,Global,USDA SR28,11973,"Beans, fava, in pod, raw",Raw,88.0,7.92,10.13,7.5,9.21,0.73,0.12,25.0,,76,90,41,42,Verified,
GL138,Soybeans (green),Global,Global,USDA SR28,11450,"Soybeans, green, raw",Raw,147.0,12.95,6.85,4.2,,6.8,0.79,15.0,,88,91,53,40,Verified,
GL139,"Squash (zucchini, baby)",Global,Global,USDA SR28,11953,"Squash, zucchini, baby, raw",Raw,21.0,2.71,2.01,1.1,,0.4,0.08,3.0,,85,94,38,45,Verified,
GL140,Pea sprouts,Global,Global,USDA SR28,11316,"Peas, mature seeds, sprouted, raw",Raw,124.0,8.8,27.11,,,0.68,0.12,20.0,,74,80,39,68,"Verified, with explanation",
GL141,Chicory (witloof),Global,Global,USDA SR28,11151,"Chicory, witloof, raw",Raw,17.0,0.9,0.9,3.1,,0.1,0.02,2.0,,85,94,19,40,Verified,
GL142,Lemon grass (citronella),Global,Global,USDA SR28,11972,"Lemon grass (citronella), raw",Raw,99.0,1.82,25.31,,,0.49,0.12,6.0,,76,80,15,63,Verified,
GL143,Arrowroot,Global,Global,USDA SR28,11697,"Arrowroot, raw",Raw,65.0,4.24,12.09,1.3,,0.2,0.04,26.0,,56,82,26,51,Verified,
GL144,Borage,Global,Global,USDA SR28,11613,"Borage, raw",Raw,21.0,1.8,3.06,,,0.7,0.17,80.0,,77,91,27,46,Verified,
GL145,Mushrooms (Chanterelle),Global,Global,USDA SR28,11239,"Mushrooms, Chanterelle, raw",Raw,38.0,1.49,3.06,3.8,1.16,0.53,,9.0,,80,92,18,40,Verified,
GL146,Yautia (tannier),Global,Global,USDA SR28,11991,"Yautia (tannier), raw",Raw,98.0,1.46,22.13,1.5,,0.4,0.08,21.0,,53,74,11,56,Verified,
GL147,Purslane,Global,Global,USDA SR28,11427,"Purslane, raw",Raw,20.0,2.03,3.39,,,0.36,,45.0,,78,91,30,47,Verified,
GL148,Wasabi (root),Global,Global,USDA SR28,11990,"Wasabi, root, raw",Raw,109.0,4.8,15.74,7.8,,0.63,,17.0,,83,93,27,45,Verified,
GL149,Feijoa,Global,Global,USDA SR28,09334,"Feijoa, raw",Raw,61.0,0.71,8.81,6.4,8.2,0.42,0.1,3.0,0.0,76,90,11,39,Verified,
GL150,Cherimoya,Global,Global,USDA SR28,09062,"Cherimoya, raw",Raw,75.0,1.57,14.71,3.0,12.87,0.68,0.23,7.0,0.0,77,77,15,50,Verified,
GL151,Sapote (mamey),Global,Global,USDA SR28,09314,"Sapote, mamey, raw",Raw,124.0,1.45,26.7,5.4,20.14,0.46,0.17,7.0,0.0,76,72,13,55,Verified,
GL153,Lime juice,Global,Global,USDA SR28,09160,"Lime juice, raw",Raw,25.0,0.42,8.02,0.4,1.69,0.07,0.01,2.0,0.0,34,70,7,45,Verified,
GL154,"Grape juice (canned or bottled, unsweetened)",Global,Global,USDA SR28,09135,"Grape juice, canned or bottled, unsweetened, without added ascorbic acid",As sold / as eaten,60.0,0.37,14.57,0.2,14.2,0.13,0.02,5.0,0.0,23,42,4,49,Verified,
GL155,Asian pear,Global,Global,USDA SR28,09340,"Pears, asian, raw",Raw,42.0,0.5,7.05,3.6,7.05,0.23,0.01,0.0,0.0,76,90,11,43,Verified,
GL156,Prune juice (canned),Global,Global,USDA SR28,09294,"Prune juice, canned",As sold / as eaten,71.0,0.61,16.45,1.0,16.45,0.03,0.0,4.0,0.0,27,45,6,50,Verified,
GL157,Pomegranate juice (bottled),Global,Global,USDA SR28,09442,"Pomegranate juice, bottled",As sold / as eaten,54.0,0.15,13.03,0.1,12.65,0.29,0.08,9.0,0.0,23,42,3,48,Verified,
GL158,Loquats,Global,Global,USDA SR28,09174,"Loquats, raw",Raw,47.0,0.43,10.44,1.7,,0.2,0.04,1.0,0.0,79,92,10,49,Verified,
GL159,Kumquats,Global,Global,USDA SR28,09149,"Kumquats, raw",Raw,71.0,1.88,9.4,6.5,9.36,0.86,0.1,10.0,0.0,77,91,17,40,Verified,
GL160,Casaba melon,Global,Global,USDA SR28,09183,"Melons, casaba, raw",Raw,28.0,1.11,5.68,0.9,5.69,0.1,0.02,9.0,0.0,78,80,17,47,Verified,
GL161,Cranberry juice (unsweetened),Global,Global,USDA SR28,43382,"Cranberry juice, unsweetened",As sold / as eaten,46.0,0.39,12.1,0.1,12.1,0.13,0.01,2.0,0.0,22,41,5,47,Verified,
GL162,Prickly pears,Global,Global,USDA SR28,09287,"Prickly pears, raw",Raw,41.0,0.73,5.97,3.6,,0.51,0.07,5.0,0.0,80,92,13,42,Verified,
GL163,Acerola cherry,Global,Global,USDA SR28,09001,"Acerola, (west indian cherry), raw",Raw,32.0,0.4,6.59,1.1,,0.3,0.07,7.0,0.0,80,92,11,47,"Verified, with explanation",
GL164,Crabapples,Global,Global,USDA SR28,09077,"Crabapples, raw",Raw,76.0,0.4,19.95,,,0.3,0.05,1.0,,71,80,9,58,Verified,
GL165,Clementines,Global,Global,USDA SR28,09433,"Clementines, raw",Raw,47.0,0.85,10.32,1.7,9.18,0.15,,1.0,,77,78,13,49,Verified,
GL166,Goji berries,Global,Global,USDA SR28,09110,"Goji berries, dried",As sold / as eaten,349.0,14.26,64.06,13.0,45.61,0.39,0.0,298.0,,52,39,43,81,Verified,
GL167,Cape gooseberry,Global,Global,USDA SR28,09138,"Groundcherries, (cape-gooseberries or poha), raw",Raw,53.0,1.9,11.2,,,0.7,,,,73,85,18,52,Verified,
GL168,Veggie burger patty,Global,Global,USDA SR28,16147,"Veggie burgers or soyburgers, unprepared",As sold / as eaten,177.0,15.7,9.37,4.9,1.07,6.3,1.44,569.0,0.0,46,70,54,39,Verified,
GL169,Soy sauce,Global,Global,USDA SR28,16123,Soy sauce made from soy and wheat (shoyu),As sold / as eaten,53.0,8.14,4.13,0.8,0.4,0.57,0.07,5493.0,0.0,28,71,48,45,Verified,
GL170,Pink beans,Global,Global,USDA SR28,16040,"Beans, pink, mature seeds, raw",Raw,343.0,20.96,51.49,12.7,2.14,1.13,0.29,8.0,0.0,81,64,64,77,Verified,
GL171,Meatless sausage,Global,Global,USDA SR28,16107,"Sausage, meatless",As sold / as eaten,255.0,20.28,5.29,2.8,0.0,18.16,2.93,888.0,0.0,41,54,62,26,Verified,
GL172,Soy flour (full-fat),Global,Global,USDA SR28,16115,"Soy flour, full-fat, raw",Raw,434.0,37.81,22.32,9.6,7.5,20.65,2.99,13.0,0.0,70,46,77,33,Verified,
GL173,Soy protein isolate,Global,Global,USDA SR28,16122,Soy protein isolate,As sold / as eaten,335.0,88.32,0.0,0.0,0.0,3.39,0.42,1005.0,0.0,36,53,94,44,Verified,
GL174,Black turtle beans,Global,Global,USDA SR28,16016,"Beans, black turtle, mature seeds, raw",Raw,339.0,21.25,47.75,15.5,2.12,0.9,0.23,9.0,0.0,82,67,65,74,Verified,
GL175,Great northern beans,Global,Global,USDA SR28,16024,"Beans, great northern, mature seeds, raw",Raw,339.0,21.86,42.17,20.2,2.26,1.14,0.36,14.0,0.0,82,70,67,70,Verified,
GL176,Lupins,Global,Global,USDA SR28,16076,"Lupins, mature seeds, raw",Raw,371.0,36.17,21.47,18.9,,9.74,1.16,15.0,,87,70,80,42,Verified,
GL177,Soy curd cheese,Global,Global,USDA SR28,43299,"Soybean, curd cheese",As sold / as eaten,151.0,12.5,6.9,0.0,1.6,8.1,1.17,20.0,0.0,62,72,48,43,Verified,
GL178,Chickpea flour (besan),Global,Global,USDA SR28,16157,Chickpea flour (besan),As sold / as eaten,387.0,22.39,47.02,10.8,10.85,6.69,0.69,64.0,0.0,69,50,66,64,Verified,
GL179,Vermicelli (made from soy),Global,Global,USDA SR28,43114,"Vermicelli, made from soy",As sold / as eaten,331.0,0.1,78.42,3.9,17.44,0.1,0.01,4.0,0.0,68,46,7,81,Verified,
GL180,"French beans, dry",Global,Global,USDA SR28,16022,"Beans, french, mature seeds, raw",Raw,343.0,18.81,38.91,25.2,,2.02,0.22,18.0,,81,73,59,66,Verified,
GL181,Falafel (home-prepared),Global,Global,USDA SR28,16138,"Falafel, home-prepared",As sold / as eaten,333.0,13.31,31.84,,,17.8,2.38,294.0,,48,42,41,50,Verified,
GL182,Cranberry (roman) beans,Global,Global,USDA SR28,16019,"Beans, cranberry (roman), mature seeds, raw",Raw,335.0,23.03,35.35,24.7,,1.23,0.32,6.0,,82,75,70,64,Verified,
GL183,Small white beans,Global,Global,USDA SR28,16045,"Beans, small white, mature seeds, raw",Raw,336.0,21.11,37.35,24.9,,1.18,0.3,12.0,,82,75,65,66,Verified,
GL184,Yellow beans,Global,Global,USDA SR28,16047,"Beans, yellow, mature seeds, raw",Raw,345.0,22.0,35.6,25.1,,2.6,0.67,12.0,,82,73,67,63,Verified,
GL185,Okara,Global,Global,USDA SR28,16130,Okara,As sold / as eaten,76.0,3.52,12.23,,,1.73,0.19,9.0,,60,78,22,51,Verified,
GL186,Mixed nuts (roasted),Global,Global,USDA SR28,12135,"Nuts, mixed nuts, dry roasted, with peanuts, without salt added",As sold / as eaten,607.0,19.5,16.02,6.4,5.0,53.5,8.01,4.0,0.01,72,29,55,31,Verified,
GL187,Sunflower seed butter,Global,Global,USDA SR28,12040,"Seeds, sunflower seed butter, without salt",As sold / as eaten,617.0,17.28,17.62,5.7,10.54,55.2,4.68,3.0,0.0,73,29,50,33,Verified,
GL188,Coconut cream,Global,Global,USDA SR28,12115,"Nuts, coconut cream, raw (liquid expressed from grated meat)",Raw,330.0,3.63,4.45,2.2,,34.68,30.75,4.0,0.0,35,37,13,19,Verified,
GL189,Cashew butter (unsalted),Global,Global,USDA SR28,12088,"Nuts, cashew butter, plain, without salt added",As sold / as eaten,587.0,17.56,25.57,2.0,,49.41,9.76,15.0,,70,28,50,45,Verified,
GL190,Ginkgo nuts,Global,Global,USDA SR28,12127,"Nuts, ginkgo nuts, raw",Raw,182.0,4.32,37.6,,,1.68,0.32,7.0,,70,68,21,71,Verified,
GL191,Lotus seeds,Global,Global,USDA SR28,12205,"Seeds, lotus seeds, raw",Raw,89.0,4.13,17.28,,,0.53,0.09,1.0,,71,81,24,58,Verified,
GL192,Watermelon seed kernels,Global,Global,USDA SR28,12174,"Seeds, watermelon seed kernels, dried",As sold / as eaten,557.0,28.33,15.31,,,47.37,9.78,99.0,,68,27,70,41,Verified,
GL193,Millet flour,Global,Global,USDA SR28,20647,Millet flour,As sold / as eaten,382.0,10.75,71.62,3.5,1.66,4.25,0.54,4.0,0.0,71,46,35,82,Verified,
GL194,Pasta (whole-wheat),Global,Global,USDA SR28,20124,"Pasta, whole-wheat, dry",As sold / as eaten,352.0,13.87,64.17,9.2,2.74,2.93,0.43,6.0,0.0,71,55,44,79,Verified,
GL195,Oat bran,Global,Global,USDA SR28,20033,"Oat bran, raw",Raw,246.0,17.3,50.82,15.4,1.45,7.03,1.33,4.0,0.0,78,81,58,67,"Verified, with explanation",
GL196,Rye grain,Global,Global,USDA SR28,20062,Rye grain,As sold / as eaten,338.0,10.34,60.76,15.1,0.98,1.63,0.2,2.0,0.0,73,61,35,79,Verified,
GL197,Rye flour (dark),Global,Global,USDA SR28,20063,"Rye flour, dark",As sold / as eaten,325.0,15.91,44.83,23.8,2.31,2.22,0.27,2.0,0.0,74,71,51,69,"Verified, with explanation",
GL198,Rice bran (crude),Global,Global,USDA SR28,20060,"Rice bran, crude",As sold / as eaten,316.0,13.35,28.69,21.0,0.9,20.85,4.17,5.0,0.0,76,71,44,37,"Verified, with explanation",
GL199,"Corn flour (masa, white)",Global,Global,USDA SR28,20017,"Corn flour, masa, enriched, white",As sold / as eaten,363.0,8.46,70.19,6.4,1.61,3.69,0.53,5.0,0.0,51,42,28,75,"Verified, with explanation",
GL200,Rice flour (white),Global,Global,USDA SR28,20061,"Rice flour, white, unenriched",As sold / as eaten,366.0,5.95,77.73,2.4,0.12,1.42,0.39,0.0,0.0,42,36,20,83,Verified,
GL201,Tapioca (pearl),Global,Global,USDA SR28,20068,"Tapioca, pearl, dry",As sold / as eaten,358.0,0.19,87.79,0.9,3.35,0.02,0.0,1.0,0.0,40,33,5,84,Verified,
GL202,Wheat bran (crude),Global,Global,USDA SR28,20077,"Wheat bran, crude",As sold / as eaten,216.0,15.55,21.71,42.8,0.41,4.25,0.63,2.0,0.0,80,92,55,49,"Verified, with explanation",
GL204,Wheat (sprouted),Global,Global,USDA SR28,20087,"Wheat, sprouted",As sold / as eaten,198.0,7.49,41.43,1.1,,1.27,0.21,16.0,0.0,66,67,30,74,Verified,
GL205,Corn grain (yellow),Global,Global,USDA SR28,20014,"Corn grain, yellow",As sold / as eaten,365.0,9.42,66.96,7.3,0.64,4.74,0.67,35.0,,74,52,32,75,Verified,
GL206,Oat flour (partially debranned),Global,Global,USDA SR28,20132,"Oat flour, partially debranned",As sold / as eaten,404.0,14.66,59.2,6.5,0.8,9.12,1.61,19.0,0.0,72,47,45,72,Verified,
GL207,Triticale,Global,Global,USDA SR28,20069,Triticale,As sold / as eaten,336.0,13.05,72.13,,,2.09,0.37,5.0,,65,48,42,92,Verified,
GL208,Wheat germ (crude),Global,Global,USDA SR28,20078,"Wheat germ, crude",As sold / as eaten,360.0,23.15,38.6,13.2,,9.72,1.66,12.0,,79,62,69,54,Verified,
GL209,Flatfish (flounder and sole species),Global,Global,USDA SR28,15028,"Fish, flatfish (flounder and sole species), raw",Raw,70.0,12.41,0.0,0.0,0.0,1.93,0.44,296.0,0.27,67,87,65,47,Verified,
GL210,Ocean perch (Atlantic),Global,Global,USDA SR28,15057,"Fish, ocean perch, Atlantic, raw",Raw,79.0,15.31,0.0,0.0,0.0,1.54,0.27,287.0,0.22,66,86,75,49,Verified,
GL211,Rockfish (Pacific),Global,Global,USDA SR28,15070,"Fish, rockfish, Pacific, mixed species, raw",Raw,90.0,18.36,0.0,0.0,0.0,1.34,0.35,74.0,0.31,70,88,83,50,Verified,
GL212,Crayfish (wild),Global,Global,USDA SR28,15145,"Crustaceans, crayfish, mixed species, wild, raw",Raw,77.0,15.97,0.0,0.0,0.0,0.95,0.16,58.0,0.15,69,88,77,50,Verified,
GL213,Perch,Global,Global,USDA SR28,15060,"Fish, perch, mixed species, raw",Raw,91.0,19.39,0.0,0.0,0.0,0.92,0.18,62.0,0.28,70,88,85,51,Verified,
GL214,Pike (northern),Global,Global,USDA SR28,15062,"Fish, pike, northern, raw",Raw,88.0,19.26,0.0,0.0,0.0,0.69,0.12,39.0,0.12,69,88,85,51,Verified,
GL215,Roe,Global,Global,USDA SR28,15072,"Fish, roe, mixed species, raw",Raw,143.0,22.32,1.5,0.0,0.0,6.42,1.46,91.0,2.43,63,79,83,43,Verified,
GL216,Shark,Global,Global,USDA SR28,15095,"Fish, shark, mixed species, raw",Raw,130.0,20.98,0.0,0.0,0.0,4.51,0.92,79.0,0.95,76,86,82,46,Verified,
GL217,Smelt (rainbow),Global,Global,USDA SR28,15099,"Fish, smelt, rainbow, raw",Raw,97.0,17.63,0.0,0.0,0.0,2.42,0.45,60.0,0.71,74,90,78,49,Verified,
GL218,Snapper,Global,Global,USDA SR28,15101,"Fish, snapper, mixed species, raw",Raw,100.0,20.51,0.0,0.0,0.0,1.34,0.28,64.0,0.38,71,88,87,50,Verified,
GL219,Sturgeon,Global,Global,USDA SR28,15104,"Fish, sturgeon, mixed species, raw",Raw,105.0,16.14,0.0,0.0,0.0,4.04,0.92,54.0,0.33,72,87,70,46,Verified,
GL220,Whitefish,Global,Global,USDA SR28,15130,"Fish, whitefish, mixed species, raw",Raw,134.0,19.09,0.0,0.0,0.0,5.86,0.91,51.0,1.42,79,86,75,44,Verified,
GL221,Whiting,Global,Global,USDA SR28,15132,"Fish, whiting, mixed species, raw",Raw,90.0,18.31,0.0,0.0,0.0,1.31,0.25,72.0,0.24,70,88,83,50,Verified,
GL222,Abalone,Global,Global,USDA SR28,15155,"Mollusks, abalone, mixed species, raw",Raw,105.0,17.1,6.01,0.0,0.0,0.76,0.15,301.0,0.09,65,85,73,55,Verified,
GL223,Spiny lobster,Global,Global,USDA SR28,15154,"Crustaceans, spiny lobster, mixed species, raw",Raw,112.0,20.6,2.43,0.0,,1.51,0.24,177.0,0.41,68,87,84,51,Verified,
GL224,Bass (striped),Global,Global,USDA SR28,15004,"Fish, bass, striped, raw",Raw,97.0,17.73,0.0,0.0,,2.33,0.51,69.0,0.75,74,90,79,49,Verified,
GL225,Bluefish,Global,Global,USDA SR28,15005,"Fish, bluefish, raw",Raw,124.0,20.04,0.0,0.0,,4.24,0.92,60.0,0.83,77,88,80,46,Verified,
GL226,Grouper,Global,Global,USDA SR28,15031,"Fish, grouper, mixed species, raw",Raw,92.0,19.38,0.0,0.0,,1.02,0.23,53.0,0.26,70,88,85,50,Verified,
GL227,Mahimahi,Global,Global,USDA SR28,15023,"Fish, mahimahi, raw",Raw,85.0,18.5,0.0,0.0,,0.7,0.19,88.0,0.12,69,88,83,51,Verified,
GL228,Sablefish,Global,Global,USDA SR28,15074,"Fish, sablefish, raw",Raw,195.0,13.41,0.0,0.0,,15.3,3.2,56.0,1.56,74,71,49,29,Verified,
GL229,Snail,Global,Global,USDA SR28,90560,"Mollusks, snail, raw",Raw,90.0,16.1,2.0,0.0,0.0,1.4,0.36,70.0,0.22,70,88,74,51,Verified,
GL230,Cuttlefish,Global,Global,USDA SR28,15163,"Mollusks, cuttlefish, mixed species, raw",Raw,79.0,16.24,0.82,0.0,,0.7,0.12,372.0,0.11,65,86,78,51,Verified,
GL231,Yellowtail,Global,Global,USDA SR28,15135,"Fish, yellowtail, mixed species, raw",Raw,146.0,23.14,0.0,0.0,,5.24,1.28,39.0,,69,81,85,44,Verified,
GL232,"Turkey (whole, meat and skin)",Global,Global,USDA SR28,05165,"Turkey, whole, meat and skin, raw",Raw,143.0,21.64,0.13,0.0,0.07,5.64,1.46,112.0,0.01,42,70,78,41,"Verified, with explanation",
GL233,"Turkey (drumstick, from whole bird)",Global,Global,USDA SR28,05738,"Turkey, drumstick, from whole bird, meat only, raw",Raw,109.0,23.66,0.14,0.0,0.05,1.48,0.29,113.0,0.0,50,80,92,48,Verified,
GL234,"Turkey (wing, from whole bird)",Global,Global,USDA SR28,05227,"Turkey, wing, from whole bird, meat only, raw",Raw,114.0,23.66,0.14,0.0,0.05,1.48,0.29,113.0,0.0,50,80,92,48,Verified,
GL235,Ground turkey,Global,Global,USDA SR28,05305,"Ground turkey, raw",Raw,148.0,19.66,0.0,0.0,0.0,7.66,2.02,58.0,0.02,48,71,71,38,Verified,
GL236,"Turkey (liver, all classes)",Global,Global,USDA SR28,05177,"Turkey, liver, all classes, raw",Raw,128.0,18.26,0.0,0.0,0.0,5.5,1.66,131.0,0.08,35,69,69,40,Verified,
GL237,"Turkey (thigh, from whole bird)",Global,Global,USDA SR28,05740,"Turkey, thigh, from whole bird, meat only, raw",Raw,108.0,21.28,0.15,0.0,0.1,2.5,0.68,124.0,0.01,49,80,86,46,Verified,
GL238,Emu (flat fillet),Global,Global,USDA SR28,05625,"Emu, flat fillet, raw",Raw,102.0,22.25,0.0,0.0,0.0,0.74,0.19,150.0,,49,80,89,49,Verified,
GL239,Ostrich (ground),Global,Global,USDA SR28,05641,"Ostrich, ground, raw",Raw,165.0,20.22,0.0,0.0,0.0,8.7,2.18,72.0,,49,69,71,37,Verified,
GL240,"Beef (plate steak, inside skirt)",Global,Global,USDA SR28,23217,"Beef, plate steak, boneless, inside skirt, separable lean and fat, trimmed to 0"" fat, all grades, raw",Raw,187.0,20.38,0.0,0.0,0.0,11.71,4.63,64.0,0.02,25,55,66,30,Verified,
GL241,"Beef (rib eye steak, lip off)",Global,Global,USDA SR28,23175,"Beef, rib eye steak, boneless, lip off, separable lean only, trimmed to 0"" fat, all grades, raw",Raw,154.0,21.85,0.0,0.0,0.0,7.41,2.76,56.0,0.01,27,63,75,37,Verified,
GL242,"Beef (rib eye steak/roast, lip-on)",Global,Global,USDA SR28,23192,"Beef, rib eye steak/roast, bone-in, lip-on, separable lean and fat, trimmed to 1/8"" fat, all grades, raw",Raw,255.0,18.13,0.0,0.0,0.0,20.31,9.1,56.0,0.01,21,43,54,25,Verified,
GL243,"Beef (chuck, shoulder clod)",Global,Global,USDA SR28,23034,"Beef, chuck, shoulder clod, shoulder tender, medallion, separable lean and fat, trimmed to 0"" fat, choice, raw",Raw,145.0,20.51,0.0,0.0,0.0,6.36,2.33,59.0,,28,64,73,38,Verified,
GL244,"Beef (loin, tenderloin roast)",Global,Global,USDA SR28,23336,"Beef, loin, tenderloin roast, boneless, separable lean and fat, trimmed to 0"" fat, all grades, raw",Raw,149.0,21.67,0.0,0.0,0.0,6.93,2.48,44.0,0.01,28,64,76,37,Verified,
GL245,"Beef (round, eye of round roast)",Global,Global,USDA SR28,23330,"Beef, round, eye of round roast, boneless, separable lean and fat, trimmed to 0"" fat, all grades, raw",Raw,124.0,23.27,0.0,0.0,0.0,3.44,1.28,53.0,0.02,30,71,87,43,Verified,
GL246,"Beef (short loin, porterhouse steak)",Global,Global,USDA SR28,13905,"Beef, short loin, porterhouse steak, separable lean and fat, trimmed to 1/8"" fat, choice, raw",Raw,218.0,20.36,0.0,0.0,0.0,14.58,6.17,52.0,0.01,24,50,63,26,Verified,
GL247,"Beef (brisket, flat half)",Global,Global,USDA SR28,13904,"Beef, brisket, flat half, boneless, separable lean and fat, trimmed to 0"" fat, all grades, raw",Raw,165.0,20.32,0.0,0.0,0.0,9.29,3.59,80.0,0.0,26,59,69,34,Verified,
GL248,Ground pork (84% lean),Global,Global,USDA SR28,10972,"Pork, ground, 84% lean / 16% fat, raw",Raw,218.0,17.99,0.44,0.0,0.0,16.0,4.93,68.0,0.03,24,49,56,25,Verified,
GL249,"Pork loin (backribs, lean only)",Global,Global,USDA SR28,10980,"Pork loin, fresh, backribs, bone-in, raw, lean only",Raw,172.0,20.85,0.0,0.0,0.0,9.84,3.48,95.0,0.01,26,58,69,33,Verified,
GL250,Pork (Leg Cap Steak),Global,Global,USDA SR28,10957,"Pork, Leg Cap Steak, boneless, separable lean and fat, raw",Raw,123.0,21.64,0.0,0.0,0.0,3.39,1.19,73.0,0.0,31,70,82,43,Verified,
GL251,Pork (Leg sirloin tip roast),Global,Global,USDA SR28,10963,"Pork, Leg sirloin tip roast, boneless, separable lean and fat, raw",Raw,113.0,22.88,0.0,0.0,0.0,1.71,0.52,50.0,0.0,31,72,89,46,Verified,
GL252,Pork (Shoulder breast),Global,Global,USDA SR28,10958,"Pork, Shoulder breast, boneless, separable lean and fat, raw",Raw,127.0,22.54,0.0,0.0,0.0,3.4,1.07,54.0,0.0,31,70,84,43,Verified,
GL253,Pork (Shoulder petite tender),Global,Global,USDA SR28,10961,"Pork, Shoulder petite tender, boneless, separable lean and fat, raw",Raw,128.0,21.65,0.0,0.0,0.0,3.91,1.01,50.0,0.0,31,69,80,42,Verified,
GL254,Veal (ground),Global,Global,USDA SR28,17142,"Veal, ground, raw",Raw,197.0,18.58,0.0,0.0,0.0,13.06,5.11,103.0,0.0,24,53,60,28,Verified,
GL255,"Veal (leg, top round)",Global,Global,USDA SR28,17426,"Veal, leg, top round, cap off, cutlet, boneless, raw",Raw,107.0,22.07,0.0,0.0,0.0,2.07,0.8,86.0,0.0,30,72,87,45,Verified,
GL256,Veal (loin),Global,Global,USDA SR28,17107,"Veal, loin, separable lean only, raw",Raw,114.0,21.85,0.0,0.0,0.0,2.9,1.12,99.0,0.0,30,72,85,44,Verified,
GL257,Veal (shank),Global,Global,USDA SR28,17428,"Veal, shank, separable lean only, raw",Raw,94.0,19.77,0.0,0.0,0.0,1.64,0.64,109.0,0.0,29,72,82,45,Verified,
GL258,"Veal (shoulder, blade chop)",Global,Global,USDA SR28,17131,"Veal, shoulder, blade chop, separable lean only, raw",Raw,110.0,19.6,0.0,0.0,0.0,2.88,1.11,92.0,0.0,30,72,77,44,Verified,
GL259,Veal (sirloin),Global,Global,USDA SR28,17134,"Veal, sirloin, separable lean and fat, raw",Raw,152.0,19.07,0.0,0.0,0.0,7.81,3.35,76.0,0.0,26,61,66,36,Verified,
GL260,"Bison (ground, grass-fed)",Global,Global,USDA SR28,17149,"Bison, ground, grass-fed, raw",Raw,146.0,20.23,0.05,0.0,0.0,7.21,2.92,70.0,0.0,32,65,72,37,Verified,
GL261,Elk (ground),Global,Global,USDA SR28,17338,"Game meat, elk, ground, raw",Raw,172.0,21.76,0.0,0.0,0.0,8.82,3.47,79.0,,31,61,73,35,Verified,
GL262,Cheese (queso fresco),Global,Global,USDA SR28,01228,"Cheese, fresh, queso fresco",As sold / as eaten,299.0,18.09,2.98,0.0,2.32,23.82,12.94,751.0,0.03,27,39,53,27,Verified,
GL263,"Cheese (dry white, queso seco)",Global,Global,USDA SR28,01227,"Cheese, dry white, queso seco",As sold / as eaten,325.0,24.51,2.04,,0.55,24.35,13.72,1808.0,0.03,28,37,69,27,Verified,
GL264,"Cheese (white, queso blanco)",Global,Global,USDA SR28,01229,"Cheese, white, queso blanco",As sold / as eaten,310.0,20.38,2.53,,1.76,24.31,13.66,704.0,0.03,27,38,59,27,Verified,
GL265,Cheese (neufchatel),Global,Global,USDA SR28,01031,"Cheese, neufchatel",As sold / as eaten,253.0,9.15,3.59,0.0,3.19,22.78,12.79,334.0,,30,43,29,25,Verified,
GL266,"Milk (nonfat, without added vitamin A and vitamin D)",Global,Global,USDA SR28,01091,"Milk, dry, nonfat, regular, without added vitamin A and vitamin D",As sold / as eaten,362.0,36.16,51.98,0.0,51.98,0.77,0.5,535.0,0.0,42,28,76,87,Verified,
GL267,Cheese (blue),Global,Global,USDA SR28,01004,"Cheese, blue",As sold / as eaten,353.0,21.4,2.34,0.0,0.5,28.74,18.67,1146.0,0.0,28,33,60,27,Verified,
GL268,Cheese (colby),Global,Global,USDA SR28,01011,"Cheese, colby",As sold / as eaten,394.0,23.76,2.57,0.0,0.52,32.11,20.22,604.0,0.0,27,28,65,27,Verified,
GL269,Cheese (edam),Global,Global,USDA SR28,01018,"Cheese, edam",As sold / as eaten,357.0,24.99,1.43,0.0,1.43,27.8,17.57,812.0,0.0,28,33,69,26,Verified,
GL270,Cheese (fontina),Global,Global,USDA SR28,01020,"Cheese, fontina",As sold / as eaten,389.0,25.6,1.55,0.0,1.55,31.14,19.2,800.0,0.0,27,28,69,26,Verified,
GL271,Cheese (gruyere),Global,Global,USDA SR28,01023,"Cheese, gruyere",As sold / as eaten,413.0,29.81,0.36,0.0,0.36,32.34,18.91,714.0,0.0,28,27,70,26,Verified,
GL272,"Cheese (mexican, queso anejo)",Global,Global,USDA SR28,01165,"Cheese, mexican, queso anejo",As sold / as eaten,373.0,21.44,4.63,0.0,4.63,29.98,19.03,1131.0,0.0,27,29,59,29,Verified,
GL273,Cheese (monterey),Global,Global,USDA SR28,01025,"Cheese, monterey",As sold / as eaten,373.0,24.48,0.68,0.0,0.5,30.28,19.07,600.0,0.0,27,31,67,26,Verified,
GL274,Cheese (muenster),Global,Global,USDA SR28,01030,"Cheese, muenster",As sold / as eaten,368.0,23.41,1.12,0.0,1.12,30.04,19.11,628.0,0.0,27,31,65,26,Verified,
GL275,Cheese (provolone),Global,Global,USDA SR28,01035,"Cheese, provolone",As sold / as eaten,351.0,25.58,2.14,0.0,0.56,26.62,17.08,876.0,0.0,28,34,70,27,Verified,
GL276,Cheese (romano),Global,Global,USDA SR28,01038,"Cheese, romano",As sold / as eaten,387.0,31.8,3.63,0.0,0.73,26.94,17.11,1433.0,0.0,28,31,72,28,Verified,
GL277,Flaxseed oil (cold pressed),Global,Global,USDA SR28,42231,"Oil, flaxseed, cold pressed",As sold / as eaten,884.0,0.11,0.0,0.0,0.0,99.98,8.98,0.0,0.0,60,24,6,20,Verified,
GL278,Corn and canola oil,Global,Global,USDA SR28,42289,"Oil, corn and canola",As sold / as eaten,884.0,0.0,0.0,0.0,0.0,100.0,8.03,0.0,0.0,54,22,5,19,"Verified, with explanation",
GL279,Vegetable shortening,Global,Global,USDA SR28,04615,"Shortening, vegetable, household, composite",As sold / as eaten,884.0,0.0,0.0,0.0,0.0,99.97,24.98,4.0,0.0,0,0,0,14,Verified,
GL280,Beef tallow,Global,Global,USDA SR28,04001,"Fat, beef tallow",As sold / as eaten,902.0,0.0,0.0,0.0,0.0,100.0,49.8,0.0,0.0,13,5,1,15,Verified,
GL281,Palm kernel oil,Global,Global,USDA SR28,04513,"Vegetable oil, palm kernel",As sold / as eaten,862.0,0.0,0.0,0.0,0.0,100.0,81.5,0.0,0.0,12,5,1,15,"Verified, with explanation",
GL282,Almond oil,Global,Global,USDA SR28,04529,"Oil, almond",As sold / as eaten,884.0,0.0,0.0,0.0,0.0,100.0,8.2,0.0,0.0,58,23,6,19,Verified,
GL283,Cottonseed oil (salad or cooking),Global,Global,USDA SR28,04502,"Oil, cottonseed, salad or cooking",As sold / as eaten,884.0,0.0,0.0,0.0,0.0,100.0,25.9,0.0,0.0,51,20,5,19,Verified,
GL284,Wheat germ oil,Global,Global,USDA SR28,04038,"Oil, wheat germ",As sold / as eaten,884.0,0.0,0.0,0.0,0.0,100.0,18.8,0.0,0.0,55,22,6,19,Verified,
GL285,Cocoa butter,Global,Global,USDA SR28,04501,"Oil, cocoa butter",As sold / as eaten,884.0,0.0,0.0,0.0,0.0,100.0,59.7,0.0,0.0,13,5,1,15,Verified,
GL286,Yellow mustard,Global,Global,USDA SR28,02046,"Mustard, prepared, yellow",As sold / as eaten,60.0,3.74,1.83,4.0,0.92,3.34,0.21,1104.0,0.0,33,73,23,31,Verified,
GL287,Chili powder,Global,Global,USDA SR28,02009,"Spices, chili powder",As sold / as eaten,282.0,13.46,14.9,34.8,7.19,14.28,2.46,2867.0,0.0,66,83,44,27,Verified,
GL288,Garlic powder,Global,Global,USDA SR28,02020,"Spices, garlic powder",As sold / as eaten,331.0,16.55,63.73,9.0,2.43,0.73,0.25,60.0,0.0,82,63,53,84,Verified,
GL289,Ginger (ground),Global,Global,USDA SR28,02021,"Spices, ginger, ground",As sold / as eaten,335.0,8.98,57.52,14.1,3.39,4.24,2.6,27.0,0.0,81,63,32,73,Verified,
GL290,Paprika,Global,Global,USDA SR28,02028,"Spices, paprika",As sold / as eaten,282.0,14.14,19.09,34.9,10.34,12.89,2.14,68.0,0.0,73,85,47,33,Verified,
GL291,Onion powder,Global,Global,USDA SR28,02026,"Spices, onion powder",As sold / as eaten,341.0,10.41,63.92,15.2,6.63,1.04,0.22,73.0,0.0,81,63,36,80,Verified,
GL292,Mustard seed (ground),Global,Global,USDA SR28,02024,"Spices, mustard seed, ground",As sold / as eaten,508.0,26.08,15.89,12.2,6.79,36.24,1.99,13.0,0.0,73,36,71,28,Verified,
GL293,Curry powder,Global,Global,USDA SR28,02015,"Spices, curry powder",As sold / as eaten,325.0,14.29,2.63,53.2,2.76,14.01,1.65,52.0,0.0,75,90,46,20,Verified,
GL294,Apple cider vinegar,Global,Global,USDA SR28,02048,"Vinegar, cider",As sold / as eaten,21.0,0.0,0.93,0.0,0.4,0.0,0.0,5.0,0.0,27,67,3,39,Verified,
GL295,Caraway seed,Global,Global,USDA SR28,02005,"Spices, caraway seed",As sold / as eaten,333.0,19.77,11.9,38.0,0.64,14.59,0.62,17.0,0.0,78,83,61,26,Verified,
GL296,Celery seed,Global,Global,USDA SR28,02007,"Spices, celery seed",As sold / as eaten,392.0,18.07,29.55,11.8,0.67,25.27,2.19,160.0,0.0,74,53,55,39,Verified,
GL297,Marjoram,Global,Global,USDA SR28,02023,"Spices, marjoram, dried",As sold / as eaten,271.0,12.66,20.26,40.3,4.09,7.04,0.53,77.0,0.0,76,90,43,42,Verified,
GL298,Sage (ground),Global,Global,USDA SR28,02038,"Spices, sage, ground",As sold / as eaten,315.0,10.63,20.43,40.3,1.71,12.75,7.03,11.0,0.0,68,82,36,32,Verified,
GL299,Vanilla extract,Global,Global,USDA SR28,02050,Vanilla extract,As sold / as eaten,288.0,0.06,12.65,0.0,12.65,0.06,0.01,9.0,0.0,58,45,6,51,"Verified, with explanation",
GL300,Dill seed,Global,Global,USDA SR28,02016,"Spices, dill seed",As sold / as eaten,305.0,15.98,34.07,21.1,,14.54,0.73,20.0,0.0,78,75,52,43,"Verified, with explanation",
GL301,Allspice (ground),Global,Global,USDA SR28,02001,"Spices, allspice, ground",As sold / as eaten,263.0,6.09,50.52,21.6,,8.69,2.55,77.0,0.0,70,78,24,58,"Verified, with explanation",
GL302,Tarragon,Global,Global,USDA SR28,02041,"Spices, tarragon, dried",As sold / as eaten,295.0,22.77,42.82,7.4,,7.24,1.88,62.0,0.0,73,65,70,61,Verified,
GL303,Anise seed,Global,Global,USDA SR28,02002,"Spices, anise seed",As sold / as eaten,337.0,17.6,35.42,14.6,,15.9,0.59,16.0,0.0,78,65,55,43,Verified,
GL304,Mace (ground),Global,Global,USDA SR28,02022,"Spices, mace, ground",As sold / as eaten,475.0,6.71,30.3,20.2,,32.38,9.51,80.0,0.0,66,41,24,33,Verified,
GL305,"Spirits (gin, rum, vodka, whisky)",Global,Global,USDA SR28,14037,"Alcoholic beverage, distilled, all (gin, rum, vodka, whiskey) 80 proof",As sold / as eaten,231.0,0.0,0.0,0.0,0.0,0.0,0.0,1.0,0.0,5,34,0,36,"Verified, with explanation",
GL306,Soy protein powder,Global,Global,USDA SR28,14067,"Beverages, Protein powder soy based",As sold / as eaten,388.0,55.56,22.19,6.7,22.22,5.56,1.11,733.0,0.0,37,38,83,46,Verified,
GL307,Fruit punch drink,Global,Global,USDA SR28,14264,"Beverages, fruit punch drink, without added nutrients, canned",As sold / as eaten,48.0,0.0,11.97,0.0,11.29,0.0,0.0,10.0,0.0,0,33,0,45,Verified,
GL308,Grape drink,Global,Global,USDA SR28,14282,"Beverages, grape juice drink, canned",As sold / as eaten,57.0,0.0,14.45,0.1,14.11,0.0,0.0,9.0,0.0,0,31,0,47,Verified,
GL309,Saltine crackers,Global,Global,USDA SR28,18228,"Crackers, saltines (includes oyster, soda, soup)",As sold / as eaten,418.0,9.46,71.25,2.8,1.29,8.64,1.65,941.0,0.0,12,18,26,70,Verified,
GL310,Snack crackers,Global,Global,USDA SR28,18229,"Crackers, standard snack-type, regular",As sold / as eaten,510.0,6.64,59.0,2.3,8.18,26.43,5.56,726.0,0.0,0,0,17,58,Verified,
GL311,Cinnamon bun (frosted),Global,Global,USDA SR28,18964,"Cinnamon buns, frosted (includes honey buns)",As sold / as eaten,452.0,4.45,47.4,1.2,25.7,26.61,12.65,305.0,0.0,0,2,11,50,Verified,
GL312,Crackers (whole-wheat),Global,Global,USDA SR28,18235,"Crackers, whole-wheat",As sold / as eaten,427.0,10.58,59.25,10.3,1.19,14.13,2.06,704.0,0.0,64,42,34,58,Verified,
GL313,"Cookies (chocolate sandwich, with creme filling)",Global,Global,USDA SR28,18166,"Cookies, chocolate sandwich, with creme filling, regular",As sold / as eaten,464.0,5.21,68.1,2.9,40.67,19.14,5.65,388.0,0.0,0,0,13,57,Verified,
GL314,Taco shells (baked),Global,Global,USDA SR28,18360,"Taco shells, baked",As sold / as eaten,476.0,6.41,56.79,6.7,1.5,21.79,7.1,324.0,0.0,27,18,19,51,Verified,
GL315,English muffin,Global,Global,USDA SR28,18258,"English muffins, plain, enriched, with ca prop (includes sourdough)",As sold / as eaten,227.0,8.87,40.67,3.5,3.53,1.69,0.73,425.0,0.0,29,49,29,66,Verified,
GL316,"Biscuits (plain or buttermilk, refrigerated dough)",Global,Global,USDA SR28,18015,"Biscuits, plain or buttermilk, refrigerated dough, higher fat, baked",As sold / as eaten,324.0,6.79,46.25,2.8,8.19,11.22,5.51,1002.0,0.0,18,30,20,55,Verified,
GL317,Multigrain bread,Global,Global,USDA SR28,28397,"Bread, multi-grain (includes whole-grain)",As sold / as eaten,265.0,13.36,35.94,7.4,6.39,4.23,0.87,381.0,0.0,58,60,44,58,Verified,
GL318,Doughnut (cake-type),Global,Global,USDA SR28,18248,"Doughnuts, cake-type, plain (includes unsugared, old-fashioned)",As sold / as eaten,434.0,5.31,45.36,1.7,18.15,24.93,11.1,477.0,0.0,0,6,14,48,Verified,
GL319,Rolls (hamburger or hotdog),Global,Global,USDA SR28,18350,"Rolls, hamburger or hotdog, plain",As sold / as eaten,279.0,9.77,48.32,1.8,7.28,3.91,0.84,494.0,0.0,28,39,30,72,Verified,
GL320,Unsweetened baking chocolate,Global,Global,USDA SR28,19078,"Baking chocolate, unsweetened, squares",As sold / as eaten,642.0,14.32,11.82,16.6,0.91,52.31,32.28,24.0,0.0,52,21,40,23,Verified,
GL321,Rice pudding,Global,Global,USDA SR28,19193,"Puddings, rice, ready-to-eat",As sold / as eaten,108.0,3.23,18.09,0.3,11.59,2.15,1.21,97.0,0.0,2,41,13,48,Verified,
GL322,Jams and preserves,Global,Global,USDA SR28,19297,Jams and preserves,As sold / as eaten,278.0,0.37,67.76,1.1,48.5,0.07,0.01,32.0,0.0,0,12,1,79,Verified,
GL323,Caramels,Global,Global,USDA SR28,19074,"Candies, caramels",As sold / as eaten,382.0,4.6,77.0,0.0,65.5,8.1,2.48,245.0,0.0,0,0,12,72,Verified,
GL324,"Corn grits (white, regular and quick)",Global,Global,USDA SR28,08090,"Cereals, corn grits, white, regular and quick, enriched, dry",As sold / as eaten,370.0,7.65,74.49,4.6,0.57,1.75,0.34,1.0,0.0,44,38,25,80,Verified,
GL325,Granola (homemade),Global,Global,USDA SR28,08037,"Cereals ready-to-eat, granola, homemade",As sold / as eaten,489.0,13.67,44.98,8.9,19.8,24.31,3.96,26.0,0.0,48,23,39,47,Verified,
GL326,Farina,Global,Global,USDA SR28,08172,"Cereals, farina, unenriched, dry",As sold / as eaten,369.0,10.6,76.1,1.9,,0.5,0.08,3.0,0.0,42,36,32,88,Verified,
GL327,Whole-wheat hot cereal,Global,Global,USDA SR28,08144,"Cereals, whole wheat hot natural cereal, dry",As sold / as eaten,342.0,11.2,65.7,9.5,0.42,2.0,0.3,2.0,0.0,62,53,36,77,Verified,
GL328,Corn chips,Global,Global,USDA SR28,19003,"Snacks, corn-based, extruded, chips, plain",As sold / as eaten,538.0,6.17,52.9,4.0,0.27,33.36,4.33,514.0,0.01,12,5,17,51,Verified,
GL329,Bagel chips,Global,Global,USDA SR28,25046,"Snacks, bagel chips, plain",As sold / as eaten,451.0,12.34,62.26,4.1,6.02,15.14,6.84,233.0,0.0,12,14,33,60,Verified,
GL330,Pita chips (salted),Global,Global,USDA SR28,25037,"Snacks, pita chips, salted",As sold / as eaten,457.0,11.79,64.46,3.8,4.76,15.2,1.34,854.0,0.0,14,14,32,61,Verified,
GL331,Hot dog (frankfurter),Global,Global,USDA SR28,07964,"Frankfurter, meat and poultry, cooked, grilled",As sold / as eaten,302.0,10.67,5.24,0.0,2.85,26.43,8.22,1079.0,0.03,0,25,29,24,Verified,
GL332,"Kielbasa (fully cooked, unheated)",Global,Global,USDA SR28,07970,"Kielbasa, fully cooked, unheated",As sold / as eaten,325.0,10.84,3.72,0.0,2.05,29.63,9.68,928.0,0.03,0,23,29,23,Verified,
GL333,Pork sausage,Global,Global,USDA SR28,07967,"Pork sausage, link/patty, fully cooked, unheated",As sold / as eaten,392.0,13.46,0.69,0.0,0.53,37.25,12.13,810.0,0.03,0,15,35,22,Verified,
GL334,"Pepperoni (beef and pork, sliced)",Global,Global,USDA SR28,07057,"Pepperoni, beef and pork, sliced",As sold / as eaten,504.0,19.25,1.18,0.0,0.0,46.28,17.71,1582.0,0.03,0,2,48,23,Verified,
GL335,Bologna (beef),Global,Global,USDA SR28,07007,"Bologna, beef",As sold / as eaten,299.0,10.91,4.29,0.0,2.05,26.13,10.49,1013.0,0.02,0,26,30,23,Verified,
GL336,"Salami (dry or hard, pork)",Global,Global,USDA SR28,07072,"Salami, dry or hard, pork, beef",As sold / as eaten,378.0,21.07,0.72,0.0,0.26,31.65,11.42,1756.0,0.03,0,19,56,23,Verified,
GL337,"Salami (cooked, beef and pork)",Global,Global,USDA SR28,07069,"Salami, cooked, beef and pork",As sold / as eaten,336.0,21.85,2.4,0.0,0.96,25.9,9.32,1740.0,0.0,0,24,59,24,Verified,
GL338,"Sausage (chicken or turkey, Italian style)",Global,Global,USDA SR28,07976,"Sausage, chicken or turkey, Italian style,  lower sodium",As sold / as eaten,183.0,21.43,14.25,0.0,0.81,4.46,0.89,446.0,0.01,9,50,68,50,Verified,
GL339,Chicken vegetable soup (canned),Global,Global,USDA SR28,06024,"Soup, chicken and vegetable, canned, ready-to-serve",As sold / as eaten,33.0,1.97,3.78,0.9,1.01,0.73,0.12,229.0,0.0,33,73,18,41,Verified,
GL340,Peanut sauce,Global,Global,USDA SR28,27059,"Sauce, peanut, made from peanut butter, water, soy sauce",As sold / as eaten,257.0,6.31,20.22,1.8,17.07,16.02,2.91,1338.0,0.0,19,34,20,31,Verified,
GL341,Fermented tofu (fuyu),Global,Global,USDA SR28,16132,"Tofu, salted and fermented (fuyu)",As sold / as eaten,116.0,8.92,4.38,,,8.0,1.16,2873.0,,53,73,38,38,"Verified, with explanation",
GL342,Fennel seed,Global,Global,USDA SR28,02018,"Spices, fennel seed",As sold / as eaten,345.0,15.8,12.49,39.8,,14.87,0.48,88.0,,77,80,50,26,Verified,
GL343,Guinea hen (meat and skin),Global,Global,USDA SR28,05151,"Guinea hen, meat and skin, raw",Raw,158.0,23.4,0.0,0.0,,6.45,1.77,67.0,0.05,42,69,81,40,Verified,
GL344,Pheasant (meat and skin),Global,Global,USDA SR28,05153,"Pheasant, raw, meat and skin",Raw,181.0,22.7,0.0,0.0,,9.29,2.7,40.0,0.0,42,64,76,35,Verified,
GL345,Bread (wheat),Global,Global,USDA SR28,18064,"Bread, wheat",As sold / as eaten,267.0,10.72,44.68,4.0,5.91,3.24,0.78,508.0,0.0,62,57,37,71,Verified,
GL346,Milkfish,Global,Global,USDA SR28,15053,"Fish, milkfish, raw",Raw,148.0,20.53,0.0,0.0,,6.73,1.66,72.0,,67,79,76,42,Verified,
GL347,Quail (meat and skin),Global,Global,USDA SR28,05157,"Quail, meat and skin, raw",Raw,192.0,19.63,0.0,0.0,,12.05,3.38,53.0,0.04,41,61,65,31,Verified,
GL348,Rice milk (unsweetened),Global,Global,USDA SR28,14639,"Beverages, rice milk, unsweetened",As sold / as eaten,47.0,0.28,8.87,0.3,5.28,0.97,0.0,39.0,0.0,39,62,6,45,Verified,
GL349,Graham crackers,Global,Global,USDA SR28,18173,"Cookies, graham crackers, plain or honey (includes cinnamon)",As sold / as eaten,430.0,6.69,74.26,3.4,24.85,10.6,1.63,459.0,0.0,4,8,18,64,Verified,
GL350,Monkfish,Global,Global,USDA SR28,15054,"Fish, monkfish, raw",Raw,76.0,14.48,0.0,0.0,,1.52,0.34,18.0,,69,88,72,49,Verified,
GL351,Turbot (european),Global,Global,USDA SR28,15129,"Fish, turbot, european, raw",Raw,95.0,16.05,0.0,0.0,,2.95,0.75,150.0,,66,86,72,47,Verified,
GL352,Water,Global,Global,USDA SR28,14411,"Beverages, water, tap, drinking",As sold / as eaten,0.0,0.0,0.0,0.0,0.0,0.0,0.0,4.0,0.0,55,82,6,42,Verified,
GL353,Whey protein powder isolate,Global,Global,USDA SR28,14058,"Beverages, Whey protein powder isolate",As sold / as eaten,359.0,58.14,29.07,0.0,1.16,1.16,0.58,372.0,0.0,36,43,87,69,Verified,
GL354,Lettuce (cos or romaine),Global,Global,USDA SR28,11251,"Lettuce, cos or romaine, raw",Raw,17.0,1.23,1.19,2.1,1.19,0.3,0.04,8.0,0.0,84,94,22,42,Verified,
GL355,Cabbage (savoy),Global,Global,USDA SR28,11114,"Cabbage, savoy, raw",Raw,27.0,2.0,3.0,3.1,2.27,0.1,0.01,28.0,0.0,84,94,26,42,Verified,
GL356,"Squash (summer, crookneck and straightneck)",Global,Global,USDA SR28,11467,"Squash, summer, crookneck and straightneck, raw",Raw,19.0,1.01,2.88,1.0,2.88,0.27,0.09,2.0,0.0,80,92,19,45,Verified,
GL357,"Squash (winter, hubbard)",Global,Global,USDA SR28,11489,"Squash, winter, hubbard, raw",Raw,40.0,2.0,4.8,3.9,3.95,0.5,0.1,7.0,0.0,81,92,21,42,Verified,
GL358,Jerusalem artichoke,Global,Global,USDA SR28,11226,"Jerusalem-artichokes, raw",Raw,73.0,2.0,15.84,1.6,9.6,0.01,0.0,4.0,0.0,77,77,17,54,Verified,
GL359,Bean sprouts (mung),Global,Global,USDA SR28,11043,"Mung beans, mature seeds, sprouted, raw",Raw,30.0,3.04,4.14,1.8,4.13,0.18,0.05,6.0,0.0,74,90,32,45,Verified,
GL360,Lentil sprouts,Global,Global,USDA SR28,11248,"Lentils, sprouted, raw",Raw,106.0,8.96,22.14,,,0.55,0.06,11.0,,74,83,42,65,Verified,
GL361,Soybean sprouts,Global,Global,USDA SR28,11452,"Soybeans, mature seeds, sprouted, raw",Raw,122.0,13.09,8.47,1.1,,6.7,0.93,14.0,,81,88,56,46,"Verified, with explanation",
GL362,Dried cranberries (sweetened),Global,Global,USDA SR28,09079,"Cranberries, dried, sweetened",As sold / as eaten,308.0,0.17,77.5,5.3,72.56,1.09,0.09,5.0,0.0,3,7,1,71,Verified,
GL363,Sticky rice (glutinous),Global,Global,USDA SR28,20054,"Rice, white, glutinous, unenriched, uncooked",As sold / as eaten,370.0,6.81,78.88,2.8,,0.55,0.11,7.0,,43,36,22,84,Verified,
GL364,"Cornmeal (whole-grain, yellow)",Global,Global,USDA SR28,20020,"Cornmeal, whole-grain, yellow",As sold / as eaten,362.0,8.12,69.59,7.3,0.64,3.59,0.5,35.0,0.0,74,52,29,76,Verified,
GL365,"Yogurt, low fat",Global,Global,USDA SR28,01117,"Yogurt, plain, low fat, 12 grams protein per 8 ounce",As sold / as eaten,63.0,5.25,7.04,0.0,7.04,1.55,1.0,70.0,0.0,53,70,32,47,Verified,
GL366,Goose egg,Global,Global,USDA SR28,01139,"Egg, goose, whole, fresh, raw",Raw,185.0,13.87,1.35,0.0,0.94,13.27,3.6,138.0,0.0,50,63,48,30,Verified,
GL367,"Pork (loin, tenderloin)",Global,Global,USDA SR28,10060,"Pork, fresh, loin, tenderloin, separable lean only, raw",Raw,109.0,20.95,0.0,0.0,0.0,2.17,0.7,53.0,0.0,31,72,83,45,Verified,
GL368,"Pork (loin, center loin (chops))",Global,Global,USDA SR28,10036,"Pork, fresh, loin, center loin (chops), bone-in, separable lean and fat, raw",Raw,170.0,20.71,0.0,0.0,0.0,9.03,2.99,55.0,0.0,27,59,69,34,Verified,
GL369,Pork (belly),Global,Global,USDA SR28,10005,"Pork, fresh, belly, raw",Raw,518.0,9.34,0.0,0.0,0.0,53.01,19.33,32.0,0.0,20,8,25,21,Verified,
GL370,Pork (spareribs),Global,Global,USDA SR28,10088,"Pork, fresh, spareribs, separable lean and fat, raw",Raw,277.0,15.47,0.0,0.0,0.0,23.4,7.53,81.0,0.0,20,39,45,24,Verified,
GL371,Ground chicken,Global,Global,USDA SR28,05332,"Chicken, ground, raw",Raw,143.0,17.44,0.04,0.0,0.0,8.1,2.3,60.0,0.04,49,71,65,38,Verified,
GL372,Chicken drumstick,Global,Global,USDA SR28,05071,"Chicken, broilers or fryers, dark meat, drumstick, meat only, raw",Raw,116.0,19.41,0.0,0.0,0.0,3.71,0.95,114.0,0.02,50,78,77,44,Verified,
GL373,Chicken skin,Global,Global,USDA SR28,05015,"Chicken, broilers or fryers, skin only, raw",Raw,349.0,13.33,0.0,0.0,0.0,32.35,9.08,63.0,0.06,14,26,37,23,Verified,
GL374,Whole chicken (meat and skin),Global,Global,USDA SR28,05006,"Chicken, broilers or fryers, meat and skin, raw",Raw,215.0,18.6,0.0,0.0,0.0,15.06,4.31,70.0,0.05,38,56,60,26,Verified,
GL375,Beef liver,Global,Global,USDA SR28,13325,"Beef, variety meats and by-products, liver, raw",Raw,135.0,20.36,3.89,0.0,0.0,3.63,1.23,69.0,0.0,36,69,75,46,Verified,
GL376,Tuna (bluefin),Global,Global,USDA SR28,15117,"Fish, tuna, fresh, bluefin, raw",Raw,144.0,23.33,0.0,0.0,0.0,4.9,1.26,39.0,1.3,76,85,87,45,Verified,
GL377,"Anchovies, canned in oil",Global,Global,USDA SR28,15002,"Fish, anchovy, european, canned in oil, drained solids",As sold / as eaten,210.0,28.89,0.0,0.0,0.0,9.71,2.2,3668.0,2.1,63,70,85,37,Verified,
GL378,Pickled herring,Global,Global,USDA SR28,15041,"Fish, herring, Atlantic, pickled",As sold / as eaten,262.0,14.19,9.64,0.0,7.71,18.0,2.38,870.0,1.47,53,51,46,35,Verified,
GL379,Caviar,Global,Global,USDA SR28,15012,"Fish, caviar, black and red, granular",As sold / as eaten,264.0,24.6,4.0,0.0,0.0,17.9,4.06,1500.0,6.77,54,57,75,31,Verified,
GL381,Tofu (soft),Global,Global,USDA SR28,16127,"Tofu, soft, prepared with calcium sulfate and magnesium chloride (nigari)",As sold / as eaten,61.0,7.17,0.98,0.2,0.7,3.69,0.53,8.0,0.0,77,91,44,43,Verified,
GL383,Avocado oil,Global,Global,USDA SR28,04581,"Oil, avocado",As sold / as eaten,884.0,0.0,0.0,0.0,,100.0,11.56,0.0,,57,23,6,19,Verified,
GL384,Corn oil,Global,Global,USDA SR28,04518,"Oil, corn, industrial and retail, all purpose salad or cooking",As sold / as eaten,900.0,0.0,0.0,0.0,0.0,100.0,12.95,0.0,0.0,56,22,6,19,Verified,
GL385,Brown sugar,Global,Global,USDA SR28,19334,"Sugars, brown",As sold / as eaten,380.0,0.12,98.09,0.0,97.02,0.0,0.0,28.0,0.0,0,0,0,81,Verified,
GL386,Molasses,Global,Global,USDA SR28,19304,Molasses,As sold / as eaten,290.0,0.0,74.73,0.0,74.72,0.1,0.02,37.0,0.0,1,2,0,81,Verified,
GL387,Agave syrup,Global,Global,USDA SR28,19912,"Sweetener, syrup, agave",As sold / as eaten,310.0,0.09,76.17,0.2,68.03,0.45,0.0,4.0,0.0,0,3,0,80,Verified,
GL388,Tomatoes (sun-dried),Global,Global,USDA SR28,11955,"Tomatoes, sun-dried",As sold / as eaten,258.0,14.11,43.46,12.3,37.59,2.97,0.43,107.0,0.0,79,63,48,67,"Verified, with explanation",
GL390,Antelope,Global,Global,USDA SR28,17144,"Game meat, antelope, raw",Raw,114.0,22.38,0.0,0.0,,2.03,0.74,51.0,,36,74,87,46,Verified,
GL391,Bread (white wheat),Global,Global,USDA SR28,18967,"Bread, white wheat",As sold / as eaten,238.0,10.66,34.71,9.2,5.0,2.15,0.63,478.0,0.0,64,68,37,58,"Verified, with explanation",
GL392,Moose,Global,Global,USDA SR28,17172,"Game meat, moose, raw",Raw,102.0,22.24,0.0,0.0,,0.74,0.22,65.0,,36,74,88,47,Verified,
GL393,Boar (wild),Global,Global,USDA SR28,17158,"Game meat, boar, wild, raw",Raw,122.0,21.51,0.0,0.0,,3.33,0.99,,,34,72,82,43,Verified,
GL394,Grapeseed oil,Global,Global,USDA SR28,04517,"Oil, grapeseed",As sold / as eaten,884.0,0.0,0.0,0.0,0.0,100.0,9.6,0.0,0.0,57,23,6,19,Verified,
GL395,Hazelnut oil,Global,Global,USDA SR28,04532,"Oil, hazelnut",As sold / as eaten,884.0,0.0,0.0,0.0,0.0,100.0,7.4,0.0,0.0,58,23,6,19,Verified,
GL396,Crackers (multigrain),Global,Global,USDA SR28,28292,"Crackers, multigrain",As sold / as eaten,482.0,7.1,64.1,3.5,12.0,20.4,3.3,883.0,0.0,34,16,21,60,Verified,
GL397,Sour cream (light),Global,Global,USDA SR28,01179,"Sour cream, light",As sold / as eaten,136.0,3.5,7.1,0.0,0.22,10.6,6.6,83.0,0.0,24,55,15,30,Verified,
GL398,Bread (potato),Global,Global,USDA SR28,18971,"Bread, potato",As sold / as eaten,266.0,12.5,40.77,6.3,9.38,3.13,0.0,375.0,0.0,34,48,39,62,Verified,
GL399,Bread (egg),Global,Global,USDA SR28,18027,"Bread, egg",As sold / as eaten,287.0,9.5,45.5,2.3,1.78,6.0,1.59,380.0,0.01,30,41,29,66,"Verified, with explanation",
GL400,Cheese (roquefort),Global,Global,USDA SR28,01039,"Cheese, roquefort",As sold / as eaten,369.0,21.54,2.0,0.0,,30.64,19.26,1809.0,,27,31,60,27,Verified,
GL401,Milk (sheep),Global,Global,USDA SR28,01109,"Milk, sheep, fluid",As sold / as eaten,108.0,5.98,5.36,0.0,,7.0,4.6,44.0,,40,67,27,37,Verified,
GL402,"Beef (flank, steak)",Global,Global,USDA SR28,13065,"Beef, flank, steak, separable lean and fat, trimmed to 0"" fat, choice, raw",Raw,165.0,21.22,0.0,0.0,0.0,8.29,3.44,54.0,0.02,27,60,72,35,"Verified, with explanation",
GL403,"Beef (tenderloin, steak)",Global,Global,USDA SR28,13917,"Beef, tenderloin, steak, separable lean and fat, trimmed to 1/8"" fat, all grades, raw",Raw,247.0,19.61,0.0,0.0,0.0,18.16,8.41,50.0,0.0,22,45,59,25,"Verified, with explanation",
GL404,Bread (italian),Global,Global,USDA SR28,18033,"Bread, italian",As sold / as eaten,271.0,8.8,46.9,3.2,3.17,3.5,0.0,550.0,0.0,31,44,28,69,Verified,
GL405,"Beef (grass-fed, ground)",Global,Global,USDA SR28,13047,"Beef, grass-fed, ground, raw",Raw,198.0,19.42,0.0,0.0,0.0,12.73,5.34,68.0,0.02,24,53,62,28,Verified,
GL406,Bread (oat bran),Global,Global,USDA SR28,18037,"Bread, oat bran",As sold / as eaten,236.0,10.4,35.3,4.5,7.7,4.4,0.7,353.0,0.0,67,63,37,61,Verified,
GL407,"Bread (pita, white)",Global,Global,USDA SR28,18041,"Bread, pita, white, enriched",As sold / as eaten,275.0,9.1,53.5,2.2,1.3,1.2,0.17,536.0,0.0,26,41,28,79,Verified,
GL408,Bread (raisin),Global,Global,USDA SR28,18047,"Bread, raisin, enriched",As sold / as eaten,274.0,7.9,48.0,4.3,5.68,4.4,1.08,347.0,0.0,32,44,25,66,Verified,
GL409,Bread (wheat bran),Global,Global,USDA SR28,18066,"Bread, wheat bran",As sold / as eaten,248.0,8.8,43.8,4.0,9.68,3.4,0.78,486.0,0.0,62,58,32,68,Verified,
GL410,"Crackers (crispbread, rye)",Global,Global,USDA SR28,18216,"Crackers, crispbread, rye",As sold / as eaten,366.0,7.9,65.7,16.5,1.07,1.3,0.14,410.0,0.0,56,51,27,76,Verified,
GL411,Fish oil (sardine),Global,Global,USDA SR28,04594,"Fish oil, sardine",As sold / as eaten,902.0,0.0,0.0,0.0,,100.0,29.89,0.0,22.77,61,24,6,20,"Verified, with explanation",
GL412,Crackers (matzo),Global,Global,USDA SR28,18217,"Crackers, matzo, plain",As sold / as eaten,395.0,10.0,80.7,3.0,0.29,1.4,0.23,0.0,0.0,33,29,29,83,Verified,
GL413,"Danish pastry (fruit, cinnamon)",Global,Global,USDA SR28,18246,"Danish pastry, fruit, enriched (includes apple, cinnamon, raisin, lemon, raspberry, strawberry)",As sold / as eaten,371.0,5.4,45.9,1.9,27.53,18.5,4.86,445.0,0.03,0,11,14,48,Verified,
GL414,Muffins (oat bran),Global,Global,USDA SR28,18283,"Muffins, oat bran",As sold / as eaten,270.0,7.0,43.7,4.6,8.22,7.4,1.09,393.0,0.0,66,57,26,61,"Verified, with explanation",
GL415,Rolls (french),Global,Global,USDA SR28,18349,"Rolls, french",As sold / as eaten,277.0,8.6,47.0,3.2,0.31,4.3,0.96,574.0,0.0,29,43,27,67,Verified,
GL416,Strudel (apple),Global,Global,USDA SR28,18354,"Strudel, apple",As sold / as eaten,274.0,3.3,38.9,2.2,25.75,11.2,2.04,135.0,0.0,6,24,10,47,Verified,
GL417,Bagels (multigrain),Global,Global,USDA SR28,28322,"Bagels, multigrain",As sold / as eaten,241.0,9.9,41.27,6.2,8.66,1.24,0.0,359.0,0.0,42,54,33,65,"Verified, with explanation",
GL418,"Cream puff (eclair, custard or cream filled)",Global,Global,USDA SR28,18969,"Cream puff, eclair, custard or cream filled, iced",As sold / as eaten,334.0,4.41,36.53,0.9,22.05,18.52,7.06,265.0,0.01,0,16,12,42,Verified,
GL419,Focaccia (Italian flatbread),Global,Global,USDA SR28,18973,"Focaccia, Italian flatbread, plain",As sold / as eaten,249.0,8.77,34.02,1.8,1.75,7.89,0.88,561.0,0.0,30,46,28,55,Verified,
GL420,Bread (cracked-wheat),Global,Global,USDA SR28,18025,"Bread, cracked-wheat",As sold / as eaten,260.0,8.7,44.0,5.5,,3.9,0.92,538.0,0.0,65,62,31,66,Verified,
GL421,Tostada shells (corn),Global,Global,USDA SR28,18952,"Tostada shells, corn",As sold / as eaten,474.0,6.15,58.63,5.8,,23.38,7.01,657.0,,24,17,18,54,Verified,
SA064,Ayr (long-whiskered catfish),South Asia,Bangladesh,CoFID 2019 (UK),16-001,"Ayr, raw",Raw,75.0,15.9,0.0,0.0,0.0,1.3,,,,66,86,77,50,Verified,"Carbs and sugar converted from monosaccharide equivalents to weight; Fibre is NSP (Englyst method), reads lower than AOAC fibre used by IFCT and USDA"
SA065,Bacha (catfish),South Asia,Bangladesh,CoFID 2019 (UK),16-169,"Bacha, raw",Raw,123.0,18.1,0.0,0.0,0.0,5.6,,,,66,82,72,43,Verified,"Carbs and sugar converted from monosaccharide equivalents to weight; Fibre is NSP (Englyst method), reads lower than AOAC fibre used by IFCT and USDA"
SA066,Bele (tank goby),South Asia,Bangladesh,CoFID 2019 (UK),16-003,"Bele, raw",Raw,67.0,15.3,0.0,0.0,0.0,0.7,,,,66,86,76,51,Verified,"Carbs and sugar converted from monosaccharide equivalents to weight; Fibre is NSP (Englyst method), reads lower than AOAC fibre used by IFCT and USDA"
SA067,Boal (wallago catfish),South Asia,Bangladesh,CoFID 2019 (UK),16-004,"Boal, raw",Raw,86.0,15.4,0.0,0.0,0.0,2.7,,,,69,88,72,48,Verified,"Carbs and sugar converted from monosaccharide equivalents to weight; Fibre is NSP (Englyst method), reads lower than AOAC fibre used by IFCT and USDA"
SA068,Chital (clown knifefish),South Asia,Bangladesh,CoFID 2019 (UK),16-011,"Chital, raw",Raw,90.0,18.1,0.0,0.0,0.0,1.9,,34.0,,67,87,82,49,Verified,"Carbs and sugar converted from monosaccharide equivalents to weight; Fibre is NSP (Englyst method), reads lower than AOAC fibre used by IFCT and USDA"
SA069,Kalabasu (black rohu),South Asia,Bangladesh,CoFID 2019 (UK),16-081,"Kalabasu, raw",Raw,68.0,14.7,0.0,0.0,0.0,1.0,,,,66,86,74,50,Verified,"Carbs and sugar converted from monosaccharide equivalents to weight; Fibre is NSP (Englyst method), reads lower than AOAC fibre used by IFCT and USDA"
SA070,Naan,South Asia,"Pakistan, Afghanistan",CoFID 2019 (UK),11-973,"Bread, naan, retail",As sold / as eaten,285.0,7.8,45.77,2.9,2.95,7.3,0.97,360.0,,32,42,25,62,Verified,Carbs and sugar converted from monosaccharide equivalents to weight
SA071,Chapati (made without fat),South Asia,Across South Asia,CoFID 2019 (UK),11-459,"Chapatis, made without fat",As sold / as eaten,202.0,7.3,39.8,,1.52,1.0,0.1,120.0,,52,58,27,74,Verified,Carbs and sugar converted from monosaccharide equivalents to weight
SA072,Paratha,South Asia,"Pakistan, Bangladesh",CoFID 2019 (UK),11-1104,"Paratha, homemade",As sold / as eaten,333.0,7.8,41.67,4.9,0.67,14.4,8.51,118.0,,24,35,23,44,"Verified, with explanation",Carbs and sugar converted from monosaccharide equivalents to weight
SA073,Puri,South Asia,Across South Asia,CoFID 2019 (UK),11-911,"Puri, homemade",As sold / as eaten,366.0,7.2,33.14,3.5,1.05,22.3,2.66,279.0,,33,33,22,40,"Verified, with explanation",Carbs and sugar converted from monosaccharide equivalents to weight
SA074,Papadums,South Asia,Across South Asia,CoFID 2019 (UK),11-998,"Papadums, takeaway",As sold / as eaten,501.0,11.5,25.73,6.3,0.0,38.8,7.95,,,20,13,31,31,Verified,Carbs and sugar converted from monosaccharide equivalents to weight
SA075,Chicken biryani,South Asia,"Pakistan, Bangladesh",CoFID 2019 (UK),19-454,"Biryani, chicken, takeaway",As sold / as eaten,163.0,8.5,15.48,1.2,0.86,7.4,2.01,263.0,0.05,42,62,32,44,Verified,Carbs and sugar converted from monosaccharide equivalents to weight
SA076,Meat samosa,South Asia,"Pakistan, Afghanistan",CoFID 2019 (UK),19-326,"Meat samosas, takeaway",As sold / as eaten,272.0,11.4,17.28,2.4,1.81,17.3,4.45,409.0,,12,37,33,30,Verified,"Carbs and sugar converted from monosaccharide equivalents to weight; Fibre is NSP (Englyst method), reads lower than AOAC fibre used by IFCT and USDA"
SA077,Vegetable samosa,South Asia,Across South Asia,CoFID 2019 (UK),15-305,"Samosas, vegetable, retail",As sold / as eaten,217.0,5.1,27.41,3.5,2.6,9.3,1.09,390.0,,16,45,17,41,Verified,Carbs and sugar converted from monosaccharide equivalents to weight
SA078,Vegetable pakora,South Asia,Pakistan,CoFID 2019 (UK),15-620,"Pakora, vegetable, takeaway and restaurant",As sold / as eaten,293.0,8.4,15.1,3.3,1.47,22.0,3.73,479.0,,16,36,25,26,Verified,Carbs and sugar converted from monosaccharide equivalents to weight
SA079,Saag (spiced greens),South Asia,"Pakistan, Nepal",CoFID 2019 (UK),15-629,"Saag, homemade",As sold / as eaten,111.0,3.3,4.68,2.3,1.68,8.8,1.45,385.0,,66,79,19,31,"Verified, with explanation",Carbs and sugar converted from monosaccharide equivalents to weight
SA080,Mixed dal (cooked),South Asia,Across South Asia,CoFID 2019 (UK),13-484,"Dahl, mixed, homemade",As sold / as eaten,60.0,4.9,8.3,3.1,0.49,0.7,0.08,237.0,,71,88,32,46,Verified,Carbs and sugar converted from monosaccharide equivalents to weight
SA081,Chana dal curry,South Asia,Pakistan,CoFID 2019 (UK),15-641,"Curry, chick pea dhal, homemade",As sold / as eaten,152.0,7.9,16.32,,1.85,6.1,0.68,32.0,,68,72,33,51,Verified,Carbs and sugar converted from monosaccharide equivalents to weight
SA082,Bengali mung dal,South Asia,Bangladesh,CoFID 2019 (UK),15-768,"Curry, mung bean dahl, Bengali, homemade",As sold / as eaten,74.0,4.2,6.75,,0.48,3.4,2.03,43.0,,57,77,25,44,"Verified, with explanation",Carbs and sugar converted from monosaccharide equivalents to weight
SA083,Pigeon pea dal with tomato,South Asia,Across South Asia,CoFID 2019 (UK),15-777,"Curry, pigeon pea dahl and tomato, homemade",As sold / as eaten,56.0,2.3,6.7,1.1,1.43,2.2,0.18,10.0,,68,86,19,44,Verified,"Carbs and sugar converted from monosaccharide equivalents to weight; Fibre is NSP (Englyst method), reads lower than AOAC fibre used by IFCT and USDA"
SA084,Urad dal (cooked),South Asia,Across South Asia,CoFID 2019 (UK),12-468,"Urad dahl, homemade",As sold / as eaten,81.0,4.8,7.97,2.7,0.79,3.2,0.44,334.0,,72,89,28,43,Verified,Carbs and sugar converted from monosaccharide equivalents to weight
SA085,Methi aloo,South Asia,"Pakistan, Nepal",CoFID 2019 (UK),15-628,"Methi aloo, homemade",As sold / as eaten,142.0,2.7,9.31,2.9,1.49,10.4,1.06,537.0,,65,74,16,31,Verified,Carbs and sugar converted from monosaccharide equivalents to weight
SA086,Aubergine and potato bhaji,South Asia,Bangladesh,CoFID 2019 (UK),15-669,"Bhaji, aubergine and potato, homemade",As sold / as eaten,135.0,1.8,12.5,1.4,3.17,8.8,0.61,6.0,,70,73,13,38,Verified,"Carbs and sugar converted from monosaccharide equivalents to weight; Fibre is NSP (Englyst method), reads lower than AOAC fibre used by IFCT and USDA"
SA087,Pilau rice,South Asia,"Pakistan, Afghanistan",CoFID 2019 (UK),11-968,"Rice, pilau, plain, homemade",As sold / as eaten,134.0,2.5,22.17,0.6,0.79,3.7,0.47,1.0,,46,64,13,52,Verified,Carbs and sugar converted from monosaccharide equivalents to weight
SA088,Chicken korma,South Asia,"Pakistan, Bangladesh",CoFID 2019 (UK),19-565,"Curry, chicken korma, homemade",As sold / as eaten,127.0,14.6,4.31,0.7,2.67,5.1,1.15,68.0,,42,69,56,43,Verified,Carbs and sugar converted from monosaccharide equivalents to weight
SA089,Chicken balti,South Asia,Pakistan,CoFID 2019 (UK),19-449,"Curry, chicken balti, retail",As sold / as eaten,105.0,10.5,4.52,2.0,3.33,5.0,0.89,258.0,,44,74,45,39,Verified,Carbs and sugar converted from monosaccharide equivalents to weight
SA090,Prawn bhuna,South Asia,Bangladesh,CoFID 2019 (UK),16-365,"Curry, Prawn bhuna, takeaway",As sold / as eaten,120.0,8.6,1.69,2.5,1.14,8.7,1.4,321.0,0.05,42,72,36,29,Verified,Carbs and sugar converted from monosaccharide equivalents to weight
SA091,Raita,South Asia,Across South Asia,CoFID 2019 (UK),17-832,"Raita, homemade",As sold / as eaten,57.0,4.4,5.52,0.4,5.52,2.4,1.32,69.0,,54,73,29,44,Verified,Carbs and sugar converted from monosaccharide equivalents to weight
SA092,Sweet lassi,South Asia,Pakistan,CoFID 2019 (UK),12-373,"Lassi, sweetened",As sold / as eaten,65.0,2.6,11.76,0.0,11.38,0.9,0.59,45.0,,50,59,18,50,Verified,Carbs and sugar converted from monosaccharide equivalents to weight
SA093,Kulfi,South Asia,Pakistan,CoFID 2019 (UK),12-606,"Kulfi, homemade",As sold / as eaten,457.0,5.7,13.13,0.5,12.95,42.4,24.22,55.0,,0,4,15,26,Verified,"Carbs and sugar converted from monosaccharide equivalents to weight; Fibre is NSP (Englyst method), reads lower than AOAC fibre used by IFCT and USDA"
SA094,Gulab jamun,South Asia,Across South Asia,CoFID 2019 (UK),11-1083,"Gulab jamen/jambu, retail",As sold / as eaten,306.0,7.2,41.05,0.2,37.05,12.8,4.38,106.0,,0,14,20,52,Verified,"Carbs and sugar converted from monosaccharide equivalents to weight; Fibre is NSP (Englyst method), reads lower than AOAC fibre used by IFCT and USDA"
SA095,Sevyian (vermicelli pudding),South Asia,"Pakistan, Bangladesh",CoFID 2019 (UK),11-915,"Sevyian, homemade",As sold / as eaten,119.0,3.8,19.0,1.0,13.0,3.1,1.86,40.0,,1,41,14,46,Verified,Carbs and sugar converted from monosaccharide equivalents to weight
SA096,Bombay mix,South Asia,Across South Asia,CoFID 2019 (UK),17-764,Bombay mix,As sold / as eaten,503.0,18.8,32.01,8.8,2.19,32.9,3.95,640.0,,18,13,49,35,Verified,Carbs and sugar converted from monosaccharide equivalents to weight
SA097,Chevda,South Asia,Across South Asia,CoFID 2019 (UK),17-782,"Chevda/chevra/chewra, homemade",As sold / as eaten,487.0,18.6,33.81,4.2,,31.8,4.71,114.0,,21,15,49,43,Verified,"Carbs and sugar converted from monosaccharide equivalents to weight; Fibre is NSP (Englyst method), reads lower than AOAC fibre used by IFCT and USDA"
SA098,Mango chutney (sweet),South Asia,Across South Asia,CoFID 2019 (UK),17-343,"Chutney, mango, sweet",As sold / as eaten,189.0,0.7,47.8,,45.43,0.1,0.0,1300.0,,7,19,3,73,Verified,Carbs and sugar converted from monosaccharide equivalents to weight
SA099,Betel leaves (paan leaf),South Asia,"Bangladesh, Sri Lanka",CoFID 2019 (UK),13-807,"Betel leaves, fresh",As sold / as eaten,61.0,6.4,8.19,,,0.1,,7.0,,79,92,41,54,Verified,Carbs and sugar converted from monosaccharide equivalents to weight
SA100,Sago (sabudana),South Asia,"Sri Lanka, Bangladesh",CoFID 2019 (UK),11-023,"Sago, raw",Raw,355.0,0.2,85.45,0.5,0.0,0.2,0.1,3.0,,40,34,5,84,Verified,"Carbs and sugar converted from monosaccharide equivalents to weight; Fibre is NSP (Englyst method), reads lower than AOAC fibre used by IFCT and USDA"
GL422,Matoke (green cooking banana),Global,Global (UK dataset),CoFID 2019 (UK),13-279,"Matoki, raw",Raw,90.0,1.2,20.32,1.5,0.87,0.2,0.1,2.0,,53,74,10,54,Verified,"Carbs and sugar converted from monosaccharide equivalents to weight; Fibre is NSP (Englyst method), reads lower than AOAC fibre used by IFCT and USDA"
GL423,Mustard and cress,Global,Global (UK dataset),CoFID 2019 (UK),13-297,"Mustard and cress, raw",Raw,13.0,1.6,0.38,1.1,0.38,0.6,0.0,19.0,,86,94,26,43,Verified,"Carbs and sugar converted from monosaccharide equivalents to weight; Fibre is NSP (Englyst method), reads lower than AOAC fibre used by IFCT and USDA"
GL424,Rape leaves,Global,Global (UK dataset),CoFID 2019 (UK),13-333,"Rape leaves, raw",Raw,37.0,3.8,4.57,,,0.3,,,,79,92,35,49,Verified,Carbs and sugar converted from monosaccharide equivalents to weight
GL425,Salsify,Global,Global (UK dataset),CoFID 2019 (UK),13-334,"Salsify, flesh only, raw",Raw,27.0,1.3,9.41,3.2,1.43,0.3,,5.0,,82,93,20,46,"Verified, with explanation","Carbs and sugar converted from monosaccharide equivalents to weight; Fibre is NSP (Englyst method), reads lower than AOAC fibre used by IFCT and USDA"
GL426,Spring greens,Global,Global (UK dataset),CoFID 2019 (UK),13-348,"Spring greens, raw",Raw,33.0,3.0,3.05,3.4,2.69,1.0,0.1,20.0,,85,94,31,41,Verified,"Carbs and sugar converted from monosaccharide equivalents to weight; Fibre is NSP (Englyst method), reads lower than AOAC fibre used by IFCT and USDA"
GL427,Arrowhead,Global,Global (UK dataset),CoFID 2019 (UK),13-151,"Arrowhead, raw",Raw,107.0,5.0,20.48,,,0.3,,22.0,,50,71,24,59,Verified,Carbs and sugar converted from monosaccharide equivalents to weight
GL428,Gherkins,Global,Global (UK dataset),CoFID 2019 (UK),13-245,"Gherkins, raw",Raw,12.0,1.0,1.78,0.8,1.6,0.1,0.0,11.0,,81,92,19,45,Verified,"Carbs and sugar converted from monosaccharide equivalents to weight; Fibre is NSP (Englyst method), reads lower than AOAC fibre used by IFCT and USDA"
GL429,Ackee (canned),Global,Global (UK dataset),CoFID 2019 (UK),13-145,"Ackee, canned, drained",As sold / as eaten,151.0,2.9,0.77,,0.77,15.2,,240.0,,61,67,16,22,Verified,Carbs and sugar converted from monosaccharide equivalents to weight
GL430,Callaloo and okra,Global,Global (UK dataset),CoFID 2019 (UK),15-707,"Callaloo and okra, homemade",As sold / as eaten,73.0,1.8,2.16,1.6,1.88,6.4,2.75,98.0,,60,80,14,32,"Verified, with explanation","Carbs and sugar converted from monosaccharide equivalents to weight; Fibre is NSP (Englyst method), reads lower than AOAC fibre used by IFCT and USDA"
GL431,Fufu (yam),Global,Global (UK dataset),CoFID 2019 (UK),15-807,"Fu-fu, yam, homemade",As sold / as eaten,155.0,2.1,35.62,1.5,,0.3,0.09,16.0,,50,65,12,66,Verified,"Carbs and sugar converted from monosaccharide equivalents to weight; Fibre is NSP (Englyst method), reads lower than AOAC fibre used by IFCT and USDA"
GL432,Baked beans in tomato sauce,Global,Global (UK dataset),CoFID 2019 (UK),13-532,"Baked beans, canned in tomato sauce",As sold / as eaten,81.0,5.0,13.91,4.9,4.64,0.5,0.09,261.0,0.0,68,87,29,47,Verified,Carbs and sugar converted from monosaccharide equivalents to weight
GL433,Mushy peas,Global,Global (UK dataset),CoFID 2019 (UK),13-563,"Peas, mushy, canned, re-heated",As sold / as eaten,81.0,5.8,12.65,3.1,1.52,0.7,0.1,220.0,,71,88,33,50,Verified,Carbs and sugar converted from monosaccharide equivalents to weight
GL434,Damsons,Global,Global (UK dataset),CoFID 2019 (UK),14-077,"Damsons, flesh and skin, raw",Raw,38.0,0.5,9.14,1.8,9.14,0.0,0.0,2.0,,76,77,11,48,Verified,"Carbs and sugar converted from monosaccharide equivalents to weight; Fibre is NSP (Englyst method), reads lower than AOAC fibre used by IFCT and USDA"
GL435,Greengages,Global,Global (UK dataset),CoFID 2019 (UK),14-111,"Greengages, raw",Raw,41.0,0.8,9.24,2.1,9.24,0.1,0.0,1.0,,77,79,13,47,Verified,"Carbs and sugar converted from monosaccharide equivalents to weight; Fibre is NSP (Englyst method), reads lower than AOAC fibre used by IFCT and USDA"
GL436,Loganberries,Global,Global (UK dataset),CoFID 2019 (UK),14-133,"Loganberries, raw",Raw,17.0,1.1,3.24,2.5,3.24,0.0,,3.0,,82,93,20,43,Verified,"Carbs and sugar converted from monosaccharide equivalents to weight; Fibre is NSP (Englyst method), reads lower than AOAC fibre used by IFCT and USDA"
GL437,Whitecurrants,Global,Global (UK dataset),CoFID 2019 (UK),14-268,"Whitecurrants, raw",Raw,26.0,1.3,5.33,3.4,5.33,0.0,0.0,2.0,,82,93,20,43,Verified,"Carbs and sugar converted from monosaccharide equivalents to weight; Fibre is NSP (Englyst method), reads lower than AOAC fibre used by IFCT and USDA"
GL438,Dried mixed fruit,Global,Global (UK dataset),CoFID 2019 (UK),14-087,Dried mixed fruit,As sold / as eaten,268.0,2.3,64.86,2.2,64.86,0.4,,48.0,,50,29,12,83,Verified,"Carbs and sugar converted from monosaccharide equivalents to weight; Fibre is NSP (Englyst method), reads lower than AOAC fibre used by IFCT and USDA"
GL439,Cashew fruit,Global,Global (UK dataset),CoFID 2019 (UK),14-060,"Cashew fruit, flesh only",As sold / as eaten,33.0,0.9,6.48,,6.48,0.4,,7.0,,69,68,14,48,Verified,Carbs and sugar converted from monosaccharide equivalents to weight
GL440,Tiger nuts,Global,Global (UK dataset),CoFID 2019 (UK),14-848,Tigernuts,As sold / as eaten,403.0,4.3,42.24,11.7,15.33,23.8,4.0,1.0,,74,46,19,42,Verified,"Carbs and sugar converted from monosaccharide equivalents to weight; Fibre is NSP (Englyst method), reads lower than AOAC fibre used by IFCT and USDA"
GL441,Melon seeds (egusi),Global,Global (UK dataset),CoFID 2019 (UK),14-826,Melon seeds,As sold / as eaten,583.0,28.5,9.43,,,47.7,12.0,99.0,,66,26,69,36,Verified,Carbs and sugar converted from monosaccharide equivalents to weight
GL442,Trail mix,Global,Global (UK dataset),CoFID 2019 (UK),14-849,Trail mix,As sold / as eaten,432.0,9.1,35.42,5.1,35.33,28.5,,27.0,,58,28,29,43,Verified,Carbs and sugar converted from monosaccharide equivalents to weight
GL443,Peanuts and raisins,Global,Global (UK dataset),CoFID 2019 (UK),14-882,Peanuts and raisins,As sold / as eaten,436.0,15.4,35.56,4.4,32.38,25.9,4.9,28.0,,61,30,46,48,Verified,"Carbs and sugar converted from monosaccharide equivalents to weight; Fibre is NSP (Englyst method), reads lower than AOAC fibre used by IFCT and USDA"
GL444,Marzipan,Global,Global (UK dataset),CoFID 2019 (UK),14-875,"Marzipan, white and yellow, retail",As sold / as eaten,389.0,5.3,64.38,2.4,64.38,12.7,1.03,20.0,,4,2,14,61,Verified,Carbs and sugar converted from monosaccharide equivalents to weight
GL445,Garam masala,Global,Global (UK dataset),CoFID 2019 (UK),13-829,Garam masala,As sold / as eaten,379.0,15.6,43.05,,,15.1,,97.0,,63,43,47,61,Verified,Carbs and sugar converted from monosaccharide equivalents to weight
GL446,Chinese five spice,Global,Global (UK dataset),CoFID 2019 (UK),13-813,Chinese 5 spice,As sold / as eaten,116.0,9.5,,,,8.7,,63.0,,66,78,42,35,Verified,Energy not reported by source; calculated from macronutrients (Atwater factors)
GL447,Mixed curry spices,Global,Global (UK dataset),CoFID 2019 (UK),13-886,Mixed curry spices,As sold / as eaten,172.0,13.2,,,,13.3,,1154.0,,58,68,48,30,Verified,Energy not reported by source; calculated from macronutrients (Atwater factors)
GL448,Mixed dried herbs,Global,Global (UK dataset),CoFID 2019 (UK),13-884,"Mixed herbs, dried",As sold / as eaten,261.0,12.1,34.57,,,8.5,,81.0,,64,58,41,63,Verified,Carbs and sugar converted from monosaccharide equivalents to weight
GL449,Liquorice powder,Global,Global (UK dataset),CoFID 2019 (UK),13-833,Liquorice powder,As sold / as eaten,40.0,6.3,,,,1.7,,,,64,86,48,44,Verified,Energy not reported by source; calculated from macronutrients (Atwater factors)
GL450,Tamarind leaves,Global,Global (UK dataset),CoFID 2019 (UK),13-855,"Tamarind leaves, fresh",As sold / as eaten,115.0,5.8,17.33,,,2.1,,,,74,79,29,57,Verified,Carbs and sugar converted from monosaccharide equivalents to weight
GL451,Mustard powder,Global,Global (UK dataset),CoFID 2019 (UK),17-362,Mustard powder,As sold / as eaten,452.0,28.9,19.71,,,28.7,1.5,5.0,,69,38,72,44,Verified,Carbs and sugar converted from monosaccharide equivalents to weight
GL452,Coley (saithe),Global,Global (UK dataset),CoFID 2019 (UK),16-383,"Coley, flesh only, raw",Raw,82.0,18.0,0.0,0.0,0.0,1.1,0.2,68.0,0.24,70,88,82,50,Verified,Carbs and sugar converted from monosaccharide equivalents to weight
GL453,Hake,Global,Global (UK dataset),CoFID 2019 (UK),16-070,"Hake, flesh only, raw",Raw,92.0,18.0,0.0,0.0,0.0,2.2,0.3,100.0,,68,87,81,48,Verified,"Carbs and sugar converted from monosaccharide equivalents to weight; Fibre is NSP (Englyst method), reads lower than AOAC fibre used by IFCT and USDA"
GL454,Hoki,Global,Global (UK dataset),CoFID 2019 (UK),16-078,"Hoki, raw",Raw,85.0,16.9,0.0,0.0,0.0,1.9,0.3,86.0,,68,87,79,49,Verified,"Carbs and sugar converted from monosaccharide equivalents to weight; Fibre is NSP (Englyst method), reads lower than AOAC fibre used by IFCT and USDA"
GL455,John Dory,Global,Global (UK dataset),CoFID 2019 (UK),16-080,"John Dory, raw",Raw,89.0,19.0,0.0,0.0,0.0,1.4,0.3,60.0,0.5,72,89,84,50,Verified,"Carbs and sugar converted from monosaccharide equivalents to weight; Fibre is NSP (Englyst method), reads lower than AOAC fibre used by IFCT and USDA"
GL456,Plaice,Global,Global (UK dataset),CoFID 2019 (UK),16-381,"Plaice, flesh only, raw",Raw,76.0,16.4,0.0,0.0,0.0,1.2,0.22,147.0,0.16,68,87,78,50,Verified,Carbs and sugar converted from monosaccharide equivalents to weight
GL457,Sea bream,Global,Global (UK dataset),CoFID 2019 (UK),16-006,"Bream, Sea, raw",Raw,96.0,17.5,0.0,0.0,0.0,2.9,,110.0,,67,87,77,47,Verified,"Carbs and sugar converted from monosaccharide equivalents to weight; Fibre is NSP (Englyst method), reads lower than AOAC fibre used by IFCT and USDA"
GL458,Skate,Global,Global (UK dataset),CoFID 2019 (UK),16-143,"Skate, raw",Raw,64.0,15.1,0.0,0.0,0.0,0.4,0.0,120.0,0.1,68,87,75,51,Verified,"Carbs and sugar converted from monosaccharide equivalents to weight; Fibre is NSP (Englyst method), reads lower than AOAC fibre used by IFCT and USDA"
GL459,Sprats,Global,Global (UK dataset),CoFID 2019 (UK),16-218,"Sprats, raw",Raw,172.0,18.3,0.0,0.0,0.0,11.0,2.2,200.0,1.4,74,77,66,36,Verified,"Carbs and sugar converted from monosaccharide equivalents to weight; Fibre is NSP (Englyst method), reads lower than AOAC fibre used by IFCT and USDA"
GL460,Dab,Global,Global (UK dataset),CoFID 2019 (UK),16-038,"Dab, raw",Raw,74.0,15.7,0.0,0.0,0.0,1.2,,77.0,,68,87,77,50,Verified,"Carbs and sugar converted from monosaccharide equivalents to weight; Fibre is NSP (Englyst method), reads lower than AOAC fibre used by IFCT and USDA"
GL461,Flying fish,Global,Global (UK dataset),CoFID 2019 (UK),16-043,"Flying fish, raw",Raw,86.0,21.0,0.0,0.0,0.0,0.3,,79.0,,68,87,88,51,Verified,"Carbs and sugar converted from monosaccharide equivalents to weight; Fibre is NSP (Englyst method), reads lower than AOAC fibre used by IFCT and USDA"
GL462,Parrot fish,Global,Global (UK dataset),CoFID 2019 (UK),16-101,"Parrot fish, raw",Raw,83.0,19.9,0.0,0.0,0.0,0.4,0.1,82.0,,68,87,86,51,Verified,"Carbs and sugar converted from monosaccharide equivalents to weight; Fibre is NSP (Englyst method), reads lower than AOAC fibre used by IFCT and USDA"
GL463,Rock salmon (dogfish),Global,Global (UK dataset),CoFID 2019 (UK),16-133,"Rock Salmon/Dogfish, raw",Raw,154.0,16.6,0.0,0.0,0.0,9.7,1.4,120.0,1.6,76,80,63,38,Verified,"Carbs and sugar converted from monosaccharide equivalents to weight; Fibre is NSP (Englyst method), reads lower than AOAC fibre used by IFCT and USDA"
GL464,Jackfish,Global,Global (UK dataset),CoFID 2019 (UK),16-185,"Jackfish, raw",Raw,108.0,21.7,0.0,0.0,0.0,2.4,,53.0,,68,87,90,48,Verified,"Carbs and sugar converted from monosaccharide equivalents to weight; Fibre is NSP (Englyst method), reads lower than AOAC fibre used by IFCT and USDA"
GL465,Kippers,Global,Global (UK dataset),CoFID 2019 (UK),16-398,"Kippers, flesh only, boil in the bag, with butter, cooked",As sold / as eaten,193.0,18.6,0.0,0.0,0.0,13.2,2.96,860.0,1.62,55,66,63,31,Verified,Carbs and sugar converted from monosaccharide equivalents to weight
GL466,Sardines in tomato sauce,Global,Global (UK dataset),CoFID 2019 (UK),16-422,"Sardines, canned in tomato sauce, whole contents",As sold / as eaten,175.0,18.5,0.9,0.0,0.9,10.8,2.89,315.0,2.66,63,71,65,36,Verified,Carbs and sugar converted from monosaccharide equivalents to weight
GL467,Sardines in brine,Global,Global (UK dataset),CoFID 2019 (UK),16-424,"Sardines, canned in brine, drained",As sold / as eaten,170.0,22.1,0.0,0.0,0.0,9.1,2.61,368.0,2.19,62,74,77,38,Verified,Carbs and sugar converted from monosaccharide equivalents to weight
GL468,Fish fingers,Global,Global (UK dataset),CoFID 2019 (UK),16-444,"Fish fingers, cod, fried in rapeseed oil",As sold / as eaten,240.0,13.0,18.15,1.8,1.24,12.6,1.41,287.0,,40,52,42,39,Verified,Carbs and sugar converted from monosaccharide equivalents to weight
GL469,Salmon fishcakes,Global,Global (UK dataset),CoFID 2019 (UK),16-408,"Fishcakes, salmon, coated in breadcrumbs, baked",As sold / as eaten,245.0,11.4,18.63,1.7,1.54,13.7,2.0,322.0,0.95,46,53,38,38,Verified,Carbs and sugar converted from monosaccharide equivalents to weight
GL470,Scampi (breaded),Global,Global (UK dataset),CoFID 2019 (UK),16-409,"Scampi, coated in breadcrumbs, baked",As sold / as eaten,232.0,11.6,22.13,1.5,0.76,10.5,0.85,561.0,0.06,36,51,38,45,Verified,Carbs and sugar converted from monosaccharide equivalents to weight
GL471,Calamari in batter,Global,Global (UK dataset),CoFID 2019 (UK),16-404,"Calamari, coated in batter, baked",As sold / as eaten,288.0,8.5,23.55,1.9,0.0,17.5,2.07,1182.0,0.22,35,43,27,37,Verified,Carbs and sugar converted from monosaccharide equivalents to weight
GL472,Poussin,Global,Global (UK dataset),CoFID 2019 (UK),18-305,"Poussin, raw, meat and skin",Raw,202.0,19.1,0.0,0.0,0.0,13.9,3.8,70.0,,46,61,63,29,Verified,"Carbs and sugar converted from monosaccharide equivalents to weight; Fibre is NSP (Englyst method), reads lower than AOAC fibre used by IFCT and USDA"
GL473,Chicken giblets,Global,Global (UK dataset),CoFID 2019 (UK),18-393,"Giblets, chicken, raw",Raw,142.0,17.1,0.0,0.0,0.0,8.2,,82.0,,37,66,62,36,Verified,"Carbs and sugar converted from monosaccharide equivalents to weight; Fibre is NSP (Englyst method), reads lower than AOAC fibre used by IFCT and USDA"
GL474,Lamb heart,Global,Global (UK dataset),CoFID 2019 (UK),18-396,"Heart, lamb, raw",Raw,129.0,17.1,0.0,0.0,0.0,6.8,2.1,140.0,,34,68,64,38,Verified,"Carbs and sugar converted from monosaccharide equivalents to weight; Fibre is NSP (Englyst method), reads lower than AOAC fibre used by IFCT and USDA"
GL475,Lamb kidney,Global,Global (UK dataset),CoFID 2019 (UK),18-402,"Kidney, lamb, raw",Raw,91.0,17.0,0.0,0.0,0.0,2.6,0.9,150.0,0.1,38,75,74,45,Verified,"Carbs and sugar converted from monosaccharide equivalents to weight; Fibre is NSP (Englyst method), reads lower than AOAC fibre used by IFCT and USDA"
GL476,Calf liver,Global,Global (UK dataset),CoFID 2019 (UK),18-409,"Liver, calf, raw",Raw,104.0,18.3,0.0,0.0,0.0,3.4,1.0,71.0,,37,75,75,44,Verified,"Carbs and sugar converted from monosaccharide equivalents to weight; Fibre is NSP (Englyst method), reads lower than AOAC fibre used by IFCT and USDA"
GL477,Oxtail,Global,Global (UK dataset),CoFID 2019 (UK),18-419,"Oxtail, raw",Raw,171.0,20.0,0.0,0.0,0.0,10.1,4.2,110.0,,25,58,67,32,Verified,"Carbs and sugar converted from monosaccharide equivalents to weight; Fibre is NSP (Englyst method), reads lower than AOAC fibre used by IFCT and USDA"
GL478,Lamb sweetbread,Global,Global (UK dataset),CoFID 2019 (UK),18-421,"Sweetbread, lamb, raw",Raw,131.0,15.3,0.0,0.0,0.0,7.8,3.0,75.0,,34,66,57,37,"Verified, with explanation","Carbs and sugar converted from monosaccharide equivalents to weight; Fibre is NSP (Englyst method), reads lower than AOAC fibre used by IFCT and USDA"
GL479,Lamb tongue,Global,Global (UK dataset),CoFID 2019 (UK),18-423,"Tongue, lamb, raw",Raw,193.0,15.3,0.0,0.0,0.0,14.6,,420.0,,31,55,50,26,Verified,"Carbs and sugar converted from monosaccharide equivalents to weight; Fibre is NSP (Englyst method), reads lower than AOAC fibre used by IFCT and USDA"
GL480,Tripe,Global,Global (UK dataset),CoFID 2019 (UK),18-428,"Tripe, dressed, raw",Raw,33.0,7.1,0.0,0.0,0.0,0.5,0.2,50.0,,35,74,55,43,Verified,"Carbs and sugar converted from monosaccharide equivalents to weight; Fibre is NSP (Englyst method), reads lower than AOAC fibre used by IFCT and USDA"
GL481,Black pudding,Global,Global (UK dataset),CoFID 2019 (UK),19-114,"Black pudding, dry-fried",As sold / as eaten,297.0,10.3,15.1,0.2,0.2,21.5,8.5,940.0,,0,27,28,31,Verified,"Carbs and sugar converted from monosaccharide equivalents to weight; Fibre is NSP (Englyst method), reads lower than AOAC fibre used by IFCT and USDA"
GL482,Haggis,Global,Global (UK dataset),CoFID 2019 (UK),19-132,"Haggis, boiled",As sold / as eaten,310.0,10.7,17.45,0.2,0.0,21.7,7.6,770.0,,0,25,29,33,Verified,"Carbs and sugar converted from monosaccharide equivalents to weight; Fibre is NSP (Englyst method), reads lower than AOAC fibre used by IFCT and USDA"
GL483,Pork pie,Global,Global (UK dataset),CoFID 2019 (UK),19-467,"Pork pie, individual",As sold / as eaten,370.0,9.9,23.44,2.9,1.44,26.0,10.12,542.0,0.03,0,19,26,32,Verified,Carbs and sugar converted from monosaccharide equivalents to weight
GL484,Sausage roll,Global,Global (UK dataset),CoFID 2019 (UK),19-468,"Sausage roll, flaky pastry, ready-to-eat, retail",As sold / as eaten,352.0,8.4,24.71,3.4,1.34,24.1,10.36,577.0,0.01,0,21,22,31,Verified,Carbs and sugar converted from monosaccharide equivalents to weight
GL485,Scotch egg,Global,Global (UK dataset),CoFID 2019 (UK),19-518,"Scotch eggs, retail",As sold / as eaten,241.0,12.0,11.91,1.7,0.0,16.0,4.3,330.0,,1,37,35,27,Verified,Carbs and sugar converted from monosaccharide equivalents to weight
GL486,Cornish pasty,Global,Global (UK dataset),CoFID 2019 (UK),19-573,"Cornish pasty, homemade",As sold / as eaten,287.0,6.7,25.38,2.5,2.19,19.2,7.07,131.0,,11,33,20,33,Verified,Carbs and sugar converted from monosaccharide equivalents to weight
GL487,Doner kebab in pitta,Global,Global (UK dataset),CoFID 2019 (UK),19-526,Doner kebab in pitta bread with salad,As sold / as eaten,248.0,14.1,11.34,0.9,0.98,16.0,7.54,,,13,40,42,30,Verified,Carbs and sugar converted from monosaccharide equivalents to weight
GL488,Shish kebab in pitta,Global,Global (UK dataset),CoFID 2019 (UK),19-525,Shish kebab in pitta bread with salad,As sold / as eaten,149.0,13.6,14.09,1.2,1.28,4.1,1.51,300.0,,25,60,48,49,Verified,Carbs and sugar converted from monosaccharide equivalents to weight
GL489,Lamb kofta,Global,Global (UK dataset),CoFID 2019 (UK),19-594,"Kofta, lamb, coated with breadcrumbs, homemade",As sold / as eaten,277.0,23.8,8.86,0.4,0.86,16.0,7.08,139.0,,23,42,69,31,Verified,"Carbs and sugar converted from monosaccharide equivalents to weight; Fibre is NSP (Englyst method), reads lower than AOAC fibre used by IFCT and USDA"
GL490,Lancashire hotpot,Global,Global (UK dataset),CoFID 2019 (UK),19-601,"Lancashire hotpot, homemade",As sold / as eaten,119.0,7.3,6.79,1.1,1.33,6.9,2.96,115.0,,20,59,29,35,Verified,Carbs and sugar converted from monosaccharide equivalents to weight
GL491,Lasagne,Global,Global (UK dataset),CoFID 2019 (UK),19-481,"Lasagne, homemade",As sold / as eaten,180.0,9.6,13.98,1.0,2.71,9.6,4.18,235.0,,23,51,33,38,Verified,Carbs and sugar converted from monosaccharide equivalents to weight
GL492,Spaghetti bolognese,Global,Global (UK dataset),CoFID 2019 (UK),19-628,"Spaghetti bolognese, homemade",As sold / as eaten,151.0,8.1,15.71,1.2,1.71,6.1,2.15,92.0,,29,58,30,44,Verified,Carbs and sugar converted from monosaccharide equivalents to weight
GL493,Thai green chicken curry,Global,Global (UK dataset),CoFID 2019 (UK),19-465,"Curry, chicken, Thai green, takeaway and restaurant",As sold / as eaten,119.0,8.8,1.39,2.6,0.48,8.7,5.29,550.0,0.0,31,68,35,28,Verified,Carbs and sugar converted from monosaccharide equivalents to weight
GL494,"Fried chicken (coated, takeaway)",Global,Global (UK dataset),CoFID 2019 (UK),18-501,"Chicken pieces, coated, takeaway",As sold / as eaten,267.0,18.5,16.0,1.3,0.0,14.1,2.32,535.0,,16,41,54,35,Verified,Carbs and sugar converted from monosaccharide equivalents to weight
GL495,Breaded chicken breast (baked),Global,Global (UK dataset),CoFID 2019 (UK),18-504,"Chicken breast/steak, coated, baked",As sold / as eaten,234.0,17.7,14.52,0.8,1.16,11.6,1.78,466.0,0.0,17,45,54,39,Verified,Carbs and sugar converted from monosaccharide equivalents to weight
GL496,Wholemeal bread,Global,Global (UK dataset),CoFID 2019 (UK),11-981,"Bread, wholemeal, average",As sold / as eaten,217.0,9.4,38.3,7.0,2.67,2.5,0.46,400.0,,57,67,34,61,Verified,Carbs and sugar converted from monosaccharide equivalents to weight
GL497,Ciabatta,Global,Global (UK dataset),CoFID 2019 (UK),11-969,"Bread, ciabatta",As sold / as eaten,271.0,10.2,47.41,3.3,2.95,3.9,0.57,350.0,0.0,34,46,32,70,Verified,Carbs and sugar converted from monosaccharide equivalents to weight
GL498,Malt loaf,Global,Global (UK dataset),CoFID 2019 (UK),11-462,"Bread, malt, fruited",As sold / as eaten,295.0,7.8,59.98,3.5,21.52,2.3,0.52,246.0,,25,33,24,79,Verified,Carbs and sugar converted from monosaccharide equivalents to weight
GL499,Wholemeal rolls,Global,Global (UK dataset),CoFID 2019 (UK),11-986,"Bread rolls, wholemeal",As sold / as eaten,244.0,10.4,42.02,5.5,2.48,3.3,0.8,380.0,,56,61,36,65,Verified,Carbs and sugar converted from monosaccharide equivalents to weight
GL500,Crumpets,Global,Global (UK dataset),CoFID 2019 (UK),11-989,"Crumpets, toasted",As sold / as eaten,207.0,6.9,41.41,3.1,2.95,1.0,0.1,1029.0,,27,51,24,67,Verified,Carbs and sugar converted from monosaccharide equivalents to weight
GL501,Oatcakes,Global,Global (UK dataset),CoFID 2019 (UK),11-823,"Oatcakes, plain, retail",As sold / as eaten,453.0,9.3,57.23,9.4,3.05,20.0,5.67,796.0,0.01,51,32,29,54,Verified,Carbs and sugar converted from monosaccharide equivalents to weight
GL502,Fruit scones,Global,Global (UK dataset),CoFID 2019 (UK),11-993,"Scones, fruit, retail",As sold / as eaten,338.0,6.5,51.91,2.9,18.0,11.2,6.3,400.0,,21,26,20,59,"Verified, with explanation",Carbs and sugar converted from monosaccharide equivalents to weight
GL503,Scotch pancakes,Global,Global (UK dataset),CoFID 2019 (UK),11-544,"Scotch pancakes, retail",As sold / as eaten,270.0,5.6,40.02,1.9,20.48,9.6,0.74,418.0,,26,34,18,54,"Verified, with explanation",Carbs and sugar converted from monosaccharide equivalents to weight
GL504,Currant buns,Global,Global (UK dataset),CoFID 2019 (UK),11-1009,"Currant buns, retail",As sold / as eaten,280.0,8.0,48.51,2.9,15.24,5.6,1.86,230.0,,28,37,25,67,Verified,Carbs and sugar converted from monosaccharide equivalents to weight
GL505,Hot cross buns,Global,Global (UK dataset),CoFID 2019 (UK),11-1084,"Hot cross buns, homemade",As sold / as eaten,312.0,7.3,54.01,1.9,22.29,5.8,1.95,77.0,,28,30,23,72,"Verified, with explanation","Carbs and sugar converted from monosaccharide equivalents to weight; Fibre is NSP (Englyst method), reads lower than AOAC fibre used by IFCT and USDA"
GL506,Yorkshire pudding,Global,Global (UK dataset),CoFID 2019 (UK),11-960,"Yorkshire pudding, made with semi-skimmed milk, homemade",As sold / as eaten,197.0,6.7,23.42,1.1,3.33,8.3,1.89,52.0,,33,52,24,47,"Verified, with explanation",Carbs and sugar converted from monosaccharide equivalents to weight
GL507,Shortbread,Global,Global (UK dataset),CoFID 2019 (UK),11-802,Shortbread,As sold / as eaten,515.0,5.3,57.22,2.2,14.86,29.0,17.45,321.0,0.04,0,0,13,56,Verified,Carbs and sugar converted from monosaccharide equivalents to weight
GL508,Chocolate digestive biscuits,Global,Global (UK dataset),CoFID 2019 (UK),11-807,"Biscuits, digestive, half coated in chocolate",As sold / as eaten,488.0,6.3,57.23,2.1,23.14,25.7,12.68,351.0,0.0,0,0,16,57,Verified,Carbs and sugar converted from monosaccharide equivalents to weight
GL509,Ginger nut biscuits,Global,Global (UK dataset),CoFID 2019 (UK),11-798,"Biscuits, ginger nuts",As sold / as eaten,443.0,4.8,70.07,2.2,30.07,15.7,7.26,429.0,0.0,0,3,12,58,Verified,Carbs and sugar converted from monosaccharide equivalents to weight
GL510,Jaffa cakes,Global,Global (UK dataset),CoFID 2019 (UK),11-739,Jaffa cakes,As sold / as eaten,354.0,4.4,65.85,1.5,49.63,8.5,4.33,85.0,0.01,0,7,12,68,Verified,Carbs and sugar converted from monosaccharide equivalents to weight
GL511,Flapjacks,Global,Global (UK dataset),CoFID 2019 (UK),11-814,"Flapjacks, retail",As sold / as eaten,434.0,5.1,52.31,5.2,28.21,22.8,10.25,194.0,0.01,0,6,13,47,Verified,Carbs and sugar converted from monosaccharide equivalents to weight
GL512,Fig rolls,Global,Global (UK dataset),CoFID 2019 (UK),11-805,Fig Rolls,As sold / as eaten,363.0,4.2,63.57,3.9,42.66,10.6,4.76,273.0,0.0,0,9,11,61,Verified,Carbs and sugar converted from monosaccharide equivalents to weight
GL513,Cream crackers,Global,Global (UK dataset),CoFID 2019 (UK),11-820,Cream crackers,As sold / as eaten,445.0,8.9,63.43,3.9,1.43,16.4,7.38,384.0,0.0,25,20,25,60,Verified,Carbs and sugar converted from monosaccharide equivalents to weight
GL514,Cheese straws,Global,Global (UK dataset),CoFID 2019 (UK),11-824,"Cheese straws/twists, retail",As sold / as eaten,510.0,14.1,43.98,2.5,1.52,30.3,17.54,974.0,0.03,0,2,35,51,Verified,Carbs and sugar converted from monosaccharide equivalents to weight
GL515,Chocolate wafer biscuit,Global,Global (UK dataset),CoFID 2019 (UK),11-812,Chocolate covered wafer biscuit,As sold / as eaten,509.0,5.5,57.49,2.7,42.95,28.6,17.5,90.0,0.0,0,0,14,55,Verified,Carbs and sugar converted from monosaccharide equivalents to weight
GL516,Cereal bar (fruit and nut),Global,Global (UK dataset),CoFID 2019 (UK),11-819,"Cereal bars, with fruit and/or nuts, no chocolate, unfortified",As sold / as eaten,354.0,5.6,59.66,6.2,33.66,10.7,3.85,65.0,0.0,6,17,16,58,Verified,Carbs and sugar converted from monosaccharide equivalents to weight
GL517,Swiss-style muesli,Global,Global (UK dataset),CoFID 2019 (UK),11-781,"Muesli, Swiss style, no added sugar or salt, unfortified",As sold / as eaten,357.0,9.8,64.84,8.5,12.38,5.9,1.19,66.0,,64,47,33,71,Verified,Carbs and sugar converted from monosaccharide equivalents to weight
GL518,Bran flakes,Global,Global (UK dataset),CoFID 2019 (UK),11-763,"Breakfast cereal, bran flakes, fortified",As sold / as eaten,333.0,9.6,67.55,13.4,20.0,2.2,0.31,360.0,,57,49,32,76,Verified,Carbs and sugar converted from monosaccharide equivalents to weight
GL519,Cornflakes,Global,Global (UK dataset),CoFID 2019 (UK),11-746,"Breakfast cereal, cornflakes, crunchy / honey nut coated, fortified",As sold / as eaten,384.0,5.3,80.35,3.8,35.62,4.2,0.73,350.0,,27,20,17,74,Verified,Carbs and sugar converted from monosaccharide equivalents to weight
GL520,Wheat biscuits (Weetabix-type),Global,Global (UK dataset),CoFID 2019 (UK),11-773,"Breakfast cereal, wheat biscuits, Weetabix type, fortified",As sold / as eaten,332.0,10.5,66.26,9.7,3.71,1.9,0.26,260.0,,61,53,34,77,Verified,Carbs and sugar converted from monosaccharide equivalents to weight
GL521,Shredded wheat,Global,Global (UK dataset),CoFID 2019 (UK),11-775,"Breakfast cereal, shredded wheat type, unfortified",As sold / as eaten,333.0,10.9,64.75,12.2,0.57,2.5,0.34,4.0,,65,57,36,77,Verified,Carbs and sugar converted from monosaccharide equivalents to weight
GL522,Instant oat cereal,Global,Global (UK dataset),CoFID 2019 (UK),11-792,"Breakfast cereal, instant hot oat, plain, raw, fortified",Raw,352.0,11.0,58.75,8.5,0.48,7.3,1.2,5.0,,68,53,36,69,Verified,Carbs and sugar converted from monosaccharide equivalents to weight
GL523,Fruit and fibre cereal,Global,Global (UK dataset),CoFID 2019 (UK),11-779,"Breakfast cereal, fruit and fibre type, fortified",As sold / as eaten,348.0,8.0,65.04,8.6,24.95,5.8,2.65,350.0,,53,41,27,69,Verified,Carbs and sugar converted from monosaccharide equivalents to weight
GL524,Crunchy muesli,Global,Global (UK dataset),CoFID 2019 (UK),11-939,"Breakfast cereal, crunchy/crispy muesli type cereal, with nuts, unfortified",As sold / as eaten,450.0,8.4,57.51,7.9,22.24,20.5,4.61,138.0,0.0,32,20,25,52,Verified,Carbs and sugar converted from monosaccharide equivalents to weight
GL525,Porridge (milk and water),Global,Global (UK dataset),CoFID 2019 (UK),11-1106,"Porridge, made with milk and water",As sold / as eaten,72.0,3.1,10.29,1.0,2.38,1.9,0.71,22.0,,60,79,20,47,Verified,Carbs and sugar converted from monosaccharide equivalents to weight
GL526,Gari (cassava flour),Global,Global (UK dataset),CoFID 2019 (UK),11-899,"Flour, gari (cassava flour)",As sold / as eaten,361.0,0.7,86.85,4.6,0.0,0.2,0.04,4.0,,45,38,6,78,Verified,Carbs and sugar converted from monosaccharide equivalents to weight
GL527,Red rice (cooked),Global,Global (UK dataset),CoFID 2019 (UK),11-877,"Red rice, boiled in unsalted water",As sold / as eaten,129.0,3.0,25.64,1.4,0.19,1.2,0.18,7.0,,59,72,17,59,Verified,Carbs and sugar converted from monosaccharide equivalents to weight
GL528,Brown basmati rice (cooked),Global,Global (UK dataset),CoFID 2019 (UK),11-867,"Rice, brown, basmati, boiled in unsalted water",As sold / as eaten,131.0,3.3,26.1,1.2,0.29,1.1,0.21,0.0,,59,72,18,60,Verified,Carbs and sugar converted from monosaccharide equivalents to weight
GL529,Thai fragrant rice (cooked),Global,Global (UK dataset),CoFID 2019 (UK),11-875,"Rice, Thai fragrant, boiled in unsalted water",As sold / as eaten,133.0,2.3,29.48,0.0,0.0,0.4,0.09,4.0,,41,62,12,63,Verified,Carbs and sugar converted from monosaccharide equivalents to weight
GL530,Canned spaghetti in tomato sauce,Global,Global (UK dataset),CoFID 2019 (UK),11-735,"Pasta, spaghetti, canned, in tomato sauce",As sold / as eaten,72.0,2.1,14.97,0.9,5.24,0.3,0.05,190.0,,29,62,13,49,Verified,Carbs and sugar converted from monosaccharide equivalents to weight
GL531,Chocolate fudge cake,Global,Global (UK dataset),CoFID 2019 (UK),11-527,"Cake, chocolate fudge",As sold / as eaten,358.0,5.2,52.7,1.9,41.53,14.3,4.57,265.0,,0,9,14,54,Verified,Carbs and sugar converted from monosaccharide equivalents to weight
GL532,Fruit cake,Global,Global (UK dataset),CoFID 2019 (UK),11-829,"Cake, fruit, retail",As sold / as eaten,334.0,4.5,52.96,3.0,38.78,12.1,4.64,193.0,0.0,0,13,12,55,Verified,Carbs and sugar converted from monosaccharide equivalents to weight
GL533,Cheesecake,Global,Global (UK dataset),CoFID 2019 (UK),12-395,"Cheesecake, fruit, frozen",As sold / as eaten,294.0,4.0,33.26,1.0,23.97,16.2,9.44,146.0,,0,19,11,39,Verified,Carbs and sugar converted from monosaccharide equivalents to weight
GL534,Trifle,Global,Global (UK dataset),CoFID 2019 (UK),12-409,"Trifle, fruit, retail",As sold / as eaten,164.0,2.6,18.69,2.4,14.88,9.0,5.56,65.0,,0,37,8,34,Verified,Carbs and sugar converted from monosaccharide equivalents to weight
GL535,Pavlova,Global,Global (UK dataset),CoFID 2019 (UK),12-475,"Pavlova, toffee/chocolate, no fruit",As sold / as eaten,370.0,3.8,45.26,1.1,43.19,19.7,10.83,67.0,0.02,0,7,10,48,Verified,Carbs and sugar converted from monosaccharide equivalents to weight
GL536,Custard tarts,Global,Global (UK dataset),CoFID 2019 (UK),12-461,"Tarts, custard, individual",As sold / as eaten,263.0,6.7,26.65,1.1,13.47,14.3,5.87,114.0,0.01,1,27,19,37,Verified,Carbs and sugar converted from monosaccharide equivalents to weight
GL537,Fruit crumble,Global,Global (UK dataset),CoFID 2019 (UK),11-1056,"Crumble, fruit, homemade",As sold / as eaten,195.0,2.0,32.28,1.7,20.1,6.4,2.1,65.0,,3,31,6,49,Verified,"Carbs and sugar converted from monosaccharide equivalents to weight; Fibre is NSP (Englyst method), reads lower than AOAC fibre used by IFCT and USDA"
GL538,Caerphilly,Global,Global (UK dataset),CoFID 2019 (UK),12-132,"Cheese, Caerphilly",As sold / as eaten,375.0,23.2,0.1,0.0,0.1,31.3,19.6,480.0,,29,31,64,25,Verified,"Carbs and sugar converted from monosaccharide equivalents to weight; Fibre is NSP (Englyst method), reads lower than AOAC fibre used by IFCT and USDA"
GL539,Double Gloucester,Global,Global (UK dataset),CoFID 2019 (UK),12-487,"Cheese, Double Gloucester",As sold / as eaten,413.0,24.4,0.1,0.0,0.1,35.0,21.93,673.0,,27,25,66,25,Verified,Carbs and sugar converted from monosaccharide equivalents to weight
GL540,Soft goat's cheese,Global,Global (UK dataset),CoFID 2019 (UK),12-357,"Cheese, goats milk, full fat, soft, white rind",As sold / as eaten,320.0,21.1,0.96,0.0,0.96,25.8,17.91,601.0,,27,37,60,26,Verified,Carbs and sugar converted from monosaccharide equivalents to weight
GL541,Halloumi,Global,Global (UK dataset),CoFID 2019 (UK),12-496,"Cheese, Halloumi",As sold / as eaten,313.0,23.9,1.63,0.0,1.63,23.5,16.58,1200.0,0.01,28,39,68,27,Verified,Carbs and sugar converted from monosaccharide equivalents to weight
GL542,Lancashire cheese,Global,Global (UK dataset),CoFID 2019 (UK),12-488,"Cheese, Lancashire",As sold / as eaten,382.0,24.1,0.1,0.0,0.1,31.7,21.04,575.0,0.03,27,29,66,25,Verified,Carbs and sugar converted from monosaccharide equivalents to weight
GL543,Mascarpone,Global,Global (UK dataset),CoFID 2019 (UK),12-490,"Cheese, Mascarpone",As sold / as eaten,435.0,4.6,4.1,0.0,4.1,44.5,29.48,70.0,0.05,22,17,14,22,Verified,Carbs and sugar converted from monosaccharide equivalents to weight
GL544,Quark,Global,Global (UK dataset),CoFID 2019 (UK),12-174,"Cheese, Quark",As sold / as eaten,74.0,14.6,3.81,0.0,3.81,0.0,0.0,45.0,,54,82,72,53,Verified,"Carbs and sugar converted from monosaccharide equivalents to weight; Fibre is NSP (Englyst method), reads lower than AOAC fibre used by IFCT and USDA"
GL545,Red Leicester,Global,Global (UK dataset),CoFID 2019 (UK),12-485,"Cheese, Red Leicester",As sold / as eaten,403.0,25.0,0.1,0.0,0.1,33.6,21.1,665.0,,27,27,68,25,Verified,Carbs and sugar converted from monosaccharide equivalents to weight
GL546,Stilton,Global,Global (UK dataset),CoFID 2019 (UK),12-367,"Cheese, Stilton, blue",As sold / as eaten,410.0,23.7,0.1,0.0,0.1,35.0,23.02,788.0,,27,26,64,25,Verified,Carbs and sugar converted from monosaccharide equivalents to weight
GL547,Wensleydale,Global,Global (UK dataset),CoFID 2019 (UK),12-489,"Cheese, Wensleydale",As sold / as eaten,381.0,23.7,0.1,0.0,0.1,31.8,19.7,440.0,,29,30,65,25,Verified,Carbs and sugar converted from monosaccharide equivalents to weight
GL548,White Cheshire,Global,Global (UK dataset),CoFID 2019 (UK),12-486,"Cheese, White Cheshire",As sold / as eaten,380.0,23.4,0.1,0.0,0.1,31.8,21.23,492.0,0.05,28,30,64,25,Verified,Carbs and sugar converted from monosaccharide equivalents to weight
GL549,Crème fraîche,Global,Global (UK dataset),CoFID 2019 (UK),12-335,"Creme fraiche, full fat",As sold / as eaten,378.0,2.2,2.27,0.0,2.0,40.0,27.1,22.0,,14,20,7,18,Verified,Carbs and sugar converted from monosaccharide equivalents to weight
GL550,Condensed milk (sweetened),Global,Global (UK dataset),CoFID 2019 (UK),12-520,"Milk, condensed, whole, sweetened",As sold / as eaten,310.0,7.4,52.86,0.0,52.86,8.0,4.99,90.0,,0,9,20,68,Verified,Carbs and sugar converted from monosaccharide equivalents to weight
GL551,Evaporated milk (light),Global,Global (UK dataset),CoFID 2019 (UK),12-324,"Milk, evaporated, light",As sold / as eaten,107.0,7.8,9.81,0.0,9.81,4.1,2.5,115.0,,43,61,34,46,Verified,Carbs and sugar converted from monosaccharide equivalents to weight
GL552,Greek-style fruit yogurt,Global,Global (UK dataset),CoFID 2019 (UK),12-377,"Yogurt, Greek style, fruit",As sold / as eaten,137.0,4.8,10.75,0.0,10.11,8.4,5.57,64.0,,43,57,21,39,"Verified, with explanation",Carbs and sugar converted from monosaccharide equivalents to weight
GL553,Soya yogurt,Global,Global (UK dataset),CoFID 2019 (UK),12-529,"Yogurt, soya, non-dairy alternative to yogurt, fruit, fortified",As sold / as eaten,72.0,3.3,10.65,1.0,10.38,2.0,0.32,24.0,,52,66,21,46,Verified,Carbs and sugar converted from monosaccharide equivalents to weight
GL554,Whole milk fruit yogurt,Global,Global (UK dataset),CoFID 2019 (UK),12-375,"Yogurt, whole milk, fruit",As sold / as eaten,109.0,4.0,17.1,,16.1,3.0,2.01,58.0,,45,54,20,51,Verified,Carbs and sugar converted from monosaccharide equivalents to weight
GL555,Fromage frais (fat-free),Global,Global (UK dataset),CoFID 2019 (UK),12-372,"Fromage frais, virtually fat free, fruit",As sold / as eaten,50.0,6.8,5.39,0.7,4.75,0.2,0.1,33.0,,58,82,45,48,Verified,Carbs and sugar converted from monosaccharide equivalents to weight
GL556,Tzatziki,Global,Global (UK dataset),CoFID 2019 (UK),12-547,Tzatziki,As sold / as eaten,76.0,3.4,3.37,0.3,3.01,5.5,3.58,369.0,,41,68,19,36,Verified,Carbs and sugar converted from monosaccharide equivalents to weight
GL557,Choc ice,Global,Global (UK dataset),CoFID 2019 (UK),12-510,"Ice cream bars/choc ices, chocolate coated, luxury",As sold / as eaten,336.0,3.9,33.56,0.0,31.57,21.1,14.21,64.0,0.0,0,12,11,41,Verified,"Carbs and sugar converted from monosaccharide equivalents to weight; Fibre is NSP (Englyst method), reads lower than AOAC fibre used by IFCT and USDA"
GL558,Fruit sorbet,Global,Global (UK dataset),CoFID 2019 (UK),12-393,"Sorbet, fruit",As sold / as eaten,97.0,0.2,23.84,1.0,22.34,0.3,,10.0,,1,31,1,52,Verified,Carbs and sugar converted from monosaccharide equivalents to weight
GL559,Fruit juice ice lolly,Global,Global (UK dataset),CoFID 2019 (UK),12-389,"Lollies, with real fruit juice",As sold / as eaten,73.0,0.1,17.84,0.0,17.04,0.3,,11.0,,0,30,0,49,Verified,Carbs and sugar converted from monosaccharide equivalents to weight
GL560,Energy drink,Global,Global (UK dataset),CoFID 2019 (UK),17-672,"Energy drink, carbonated",As sold / as eaten,42.0,0.0,10.57,0.0,10.57,0.0,0.0,60.0,,0,32,0,44,Verified,Carbs and sugar converted from monosaccharide equivalents to weight
GL561,Blackcurrant squash (diluted),Global,Global (UK dataset),CoFID 2019 (UK),17-845,"Blackcurrant juice drink/squash, diluted",As sold / as eaten,27.0,0.0,6.96,0.0,6.96,0.0,0.0,2.0,,0,34,0,41,Verified,Carbs and sugar converted from monosaccharide equivalents to weight
GL562,Lime cordial (diluted),Global,Global (UK dataset),CoFID 2019 (UK),17-201,"Lime juice cordial, diluted",As sold / as eaten,22.0,0.0,5.93,0.0,5.93,0.0,0.0,2.0,,0,33,0,40,Verified,"Carbs and sugar converted from monosaccharide equivalents to weight; Fibre is NSP (Englyst method), reads lower than AOAC fibre used by IFCT and USDA"
GL563,Mixed fruit juice,Global,Global (UK dataset),CoFID 2019 (UK),17-746,"Fruit juice, mixed",As sold / as eaten,40.0,0.4,9.81,0.8,9.81,0.0,0.0,2.0,,28,50,5,45,Verified,Carbs and sugar converted from monosaccharide equivalents to weight
GL564,Fruit smoothie,Global,Global (UK dataset),CoFID 2019 (UK),17-747,Smoothies,As sold / as eaten,49.0,0.5,11.59,1.0,11.05,0.1,0.0,0.0,,25,49,5,46,Verified,Carbs and sugar converted from monosaccharide equivalents to weight
GL565,Grapefruit juice,Global,Global (UK dataset),CoFID 2019 (UK),14-275,"Grapefruit juice, unsweetened",As sold / as eaten,33.0,0.4,7.9,0.0,7.9,0.1,0.0,7.0,,23,45,5,44,Verified,Carbs and sugar converted from monosaccharide equivalents to weight
GL566,Cranberry juice drink,Global,Global (UK dataset),CoFID 2019 (UK),17-744,Cranberry fruit juice drink,As sold / as eaten,45.0,0.0,11.52,0.0,11.52,0.0,0.0,0.0,,0,32,0,45,Verified,Carbs and sugar converted from monosaccharide equivalents to weight
GL567,Alcohol-free lager,Global,Global (UK dataset),CoFID 2019 (UK),17-212,"Lager, alcohol-free",As sold / as eaten,7.0,0.4,1.49,0.0,1.19,0.0,0.0,2.0,,0,55,4,37,Verified,Carbs and sugar converted from monosaccharide equivalents to weight
GL568,Stout,Global,Global (UK dataset),CoFID 2019 (UK),17-767,"Stout, Guinness",As sold / as eaten,37.0,0.4,3.05,0.0,3.05,0.0,0.0,6.0,,1,49,3,39,Verified,Carbs and sugar converted from monosaccharide equivalents to weight
GL569,Dry cider,Global,Global (UK dataset),CoFID 2019 (UK),17-222,"Cider, dry",As sold / as eaten,36.0,0.0,2.53,0.0,2.53,0.0,0.0,7.0,,2,50,0,38,Verified,Carbs and sugar converted from monosaccharide equivalents to weight
GL570,Shandy,Global,Global (UK dataset),CoFID 2019 (UK),17-821,"Shandy, bottled or canned",As sold / as eaten,24.0,0.0,4.92,0.0,4.92,0.0,0.0,7.0,,0,39,0,40,Verified,Carbs and sugar converted from monosaccharide equivalents to weight
GL571,Chocolate hazelnut spread,Global,Global (UK dataset),CoFID 2019 (UK),17-687,Chocolate nut spread,As sold / as eaten,549.0,6.2,57.58,3.0,56.86,33.0,9.34,50.0,,1,0,16,55,Verified,Carbs and sugar converted from monosaccharide equivalents to weight
GL572,Lemon curd,Global,Global (UK dataset),CoFID 2019 (UK),17-762,Lemon curd,As sold / as eaten,266.0,0.6,55.36,0.2,50.0,4.9,1.52,65.0,,0,12,2,70,Verified,"Carbs and sugar converted from monosaccharide equivalents to weight; Fibre is NSP (Englyst method), reads lower than AOAC fibre used by IFCT and USDA"
GL573,Marmalade,Global,Global (UK dataset),CoFID 2019 (UK),17-078,Marmalade,As sold / as eaten,261.0,0.1,68.12,0.5,68.12,0.0,0.0,64.0,,0,6,0,80,Verified,Carbs and sugar converted from monosaccharide equivalents to weight
GL574,Mincemeat,Global,Global (UK dataset),CoFID 2019 (UK),17-765,Mincemeat,As sold / as eaten,274.0,0.6,62.07,1.3,62.07,4.3,,18.0,,0,8,2,73,Verified,"Carbs and sugar converted from monosaccharide equivalents to weight; Fibre is NSP (Englyst method), reads lower than AOAC fibre used by IFCT and USDA"
GL575,Black treacle,Global,Global (UK dataset),CoFID 2019 (UK),17-826,"Treacle, black",As sold / as eaten,257.0,1.2,65.63,0.0,65.24,0.0,0.0,180.0,,0,7,3,82,Verified,Carbs and sugar converted from monosaccharide equivalents to weight
GL576,Liquid glucose,Global,Global (UK dataset),CoFID 2019 (UK),17-049,"Glucose liquid, BP",As sold / as eaten,318.0,0.0,80.67,0.0,38.29,0.0,0.0,150.0,,0,11,0,81,Verified,"Carbs and sugar converted from monosaccharide equivalents to weight; Fibre is NSP (Englyst method), reads lower than AOAC fibre used by IFCT and USDA"
GL577,Fruit gums,Global,Global (UK dataset),CoFID 2019 (UK),17-107,Fruit gums/jellies,As sold / as eaten,324.0,6.5,76.0,,56.2,0.0,0.0,30.0,,0,7,18,85,Verified,Carbs and sugar converted from monosaccharide equivalents to weight
GL578,Marshmallows,Global,Global (UK dataset),CoFID 2019 (UK),17-114,Marshmallows,As sold / as eaten,327.0,3.9,80.23,0.0,62.04,0.0,0.0,29.0,,0,5,11,83,Verified,Carbs and sugar converted from monosaccharide equivalents to weight
GL579,Liquorice allsorts,Global,Global (UK dataset),CoFID 2019 (UK),17-777,Liquorice allsorts,As sold / as eaten,349.0,3.7,73.04,2.0,59.83,5.2,3.6,57.0,,0,5,10,72,Verified,"Carbs and sugar converted from monosaccharide equivalents to weight; Fibre is NSP (Englyst method), reads lower than AOAC fibre used by IFCT and USDA"
GL580,Peppermints,Global,Global (UK dataset),CoFID 2019 (UK),17-117,Peppermints,As sold / as eaten,393.0,0.5,97.86,0.0,97.86,0.7,,9.0,,0,0,1,80,Verified,Carbs and sugar converted from monosaccharide equivalents to weight
GL581,Toffees,Global,Global (UK dataset),CoFID 2019 (UK),17-646,"Toffees, mixed",As sold / as eaten,387.0,2.1,61.32,0.0,37.52,15.9,8.6,312.0,0.0,0,5,6,60,"Kept, source inconsistency noted",Carbs and sugar converted from monosaccharide equivalents to weight
GL582,Fudge,Global,Global (UK dataset),CoFID 2019 (UK),17-683,"Fudge, homemade",As sold / as eaten,435.0,3.4,76.95,0.0,76.95,13.1,8.29,156.0,,0,0,9,63,Verified,Carbs and sugar converted from monosaccharide equivalents to weight
GL583,Fruit pastilles,Global,Global (UK dataset),CoFID 2019 (UK),17-824,Fruit pastilles,As sold / as eaten,327.0,2.8,80.54,,56.89,0.0,0.0,33.0,,0,6,8,83,Verified,Carbs and sugar converted from monosaccharide equivalents to weight
GL584,Pork scratchings,Global,Global (UK dataset),CoFID 2019 (UK),17-132,Pork scratchings,As sold / as eaten,606.0,47.9,0.2,0.3,0.2,46.0,16.58,1320.0,,0,0,68,22,Verified,"Carbs and sugar converted from monosaccharide equivalents to weight; Fibre is NSP (Englyst method), reads lower than AOAC fibre used by IFCT and USDA"
GL585,Potato rings,Global,Global (UK dataset),CoFID 2019 (UK),17-643,Potato rings,As sold / as eaten,480.0,3.6,64.1,2.6,0.29,22.4,1.92,845.0,0.0,14,10,11,58,Verified,Carbs and sugar converted from monosaccharide equivalents to weight
GL586,Low-fat crisps,Global,Global (UK dataset),CoFID 2019 (UK),17-693,"Potato crisps, low fat",As sold / as eaten,458.0,6.6,57.8,5.9,1.44,21.5,1.85,730.0,,17,16,19,53,Verified,"Carbs and sugar converted from monosaccharide equivalents to weight; Fibre is NSP (Englyst method), reads lower than AOAC fibre used by IFCT and USDA"
GL587,Barbecue sauce,Global,Global (UK dataset),CoFID 2019 (UK),17-705,Barbecue sauce,As sold / as eaten,140.0,1.0,34.11,1.2,28.48,0.1,0.0,630.0,,11,32,5,61,Verified,Carbs and sugar converted from monosaccharide equivalents to weight
GL588,Brown sauce,Global,Global (UK dataset),CoFID 2019 (UK),17-706,Brown fruity sauce,As sold / as eaten,98.0,1.2,21.77,0.7,19.41,0.1,0.0,510.0,,13,38,6,53,Verified,"Carbs and sugar converted from monosaccharide equivalents to weight; Fibre is NSP (Englyst method), reads lower than AOAC fibre used by IFCT and USDA"
GL589,Mint sauce,Global,Global (UK dataset),CoFID 2019 (UK),17-707,Mint sauce,As sold / as eaten,101.0,1.6,20.94,,20.94,0.0,0.0,480.0,,11,35,7,54,Verified,Carbs and sugar converted from monosaccharide equivalents to weight
GL590,Piccalilli,Global,Global (UK dataset),CoFID 2019 (UK),17-702,Piccalilli,As sold / as eaten,84.0,1.0,17.27,1.0,14.73,0.5,0.1,740.0,,10,42,5,48,Verified,"Carbs and sugar converted from monosaccharide equivalents to weight; Fibre is NSP (Englyst method), reads lower than AOAC fibre used by IFCT and USDA"
GL591,Relish,Global,Global (UK dataset),CoFID 2019 (UK),17-708,"Relish, corn/cucumber/onion",As sold / as eaten,144.0,1.0,35.4,1.5,28.4,0.3,0.0,420.0,,13,33,5,61,Verified,Carbs and sugar converted from monosaccharide equivalents to weight
GL592,Tartare sauce,Global,Global (UK dataset),CoFID 2019 (UK),17-722,Tartare sauce,As sold / as eaten,299.0,1.3,17.58,0.6,16.04,24.6,,1080.0,,14,26,5,28,Verified,Carbs and sugar converted from monosaccharide equivalents to weight
GL593,Worcestershire sauce,Global,Global (UK dataset),CoFID 2019 (UK),17-723,Worcestershire sauce,As sold / as eaten,113.0,1.4,26.95,0.0,20.48,0.1,0.0,1500.0,,10,35,6,58,Verified,Carbs and sugar converted from monosaccharide equivalents to weight
GL594,Yeast extract,Global,Global (UK dataset),CoFID 2019 (UK),17-517,Yeast extract,As sold / as eaten,180.0,40.7,3.42,0.0,1.69,0.4,,4300.0,,23,63,92,49,"Verified, with explanation",Carbs and sugar converted from monosaccharide equivalents to weight
GL595,Beef extract,Global,Global (UK dataset),CoFID 2019 (UK),17-514,Beef extract,As sold / as eaten,179.0,40.4,2.95,0.0,0.4,0.6,,4370.0,,24,64,92,49,Verified,Carbs and sugar converted from monosaccharide equivalents to weight
GL596,Korma or tikka masala cook-in sauce,Global,Global (UK dataset),CoFID 2019 (UK),17-626,"Sauce, Indian cook in, korma/tikka masala",As sold / as eaten,133.0,1.7,10.31,2.5,7.12,9.5,4.41,270.0,,17,51,8,28,Verified,Carbs and sugar converted from monosaccharide equivalents to weight
GL597,Cream of chicken soup (condensed),Global,Global (UK dataset),CoFID 2019 (UK),17-697,"Chicken soup, cream of, canned, condensed, as served",As sold / as eaten,43.0,1.3,2.76,0.0,0.67,2.9,0.4,250.0,,22,64,10,37,Verified,Carbs and sugar converted from monosaccharide equivalents to weight
GL598,Broccoli and stilton soup,Global,Global (UK dataset),CoFID 2019 (UK),17-637,"Soup, broccoli and stilton, carton, chilled",As sold / as eaten,51.0,2.3,3.36,,1.26,3.1,1.69,200.0,,17,62,15,37,Verified,Carbs and sugar converted from monosaccharide equivalents to weight
GL599,Suet,Global,Global (UK dataset),CoFID 2019 (UK),17-011,"Suet, shredded",As sold / as eaten,826.0,0.0,11.02,0.5,0.2,86.7,49.9,0.0,0.0,3,1,0,21,Verified,"Carbs and sugar converted from monosaccharide equivalents to weight; Fibre is NSP (Englyst method), reads lower than AOAC fibre used by IFCT and USDA"
GL600,Low-fat spread,Global,Global (UK dataset),CoFID 2019 (UK),12-497,"Fat spread, low fat (26-39%), not polyunsaturated, including dairy type",As sold / as eaten,354.0,0.2,0.65,0.0,0.38,39.0,9.76,692.0,0.0,28,29,3,17,Verified,Carbs and sugar converted from monosaccharide equivalents to weight
GL601,Rice and peas (kidney beans),Global,Global (UK dataset),CoFID 2019 (UK),15-860,"Rice and red kidney beans, brown rice",As sold / as eaten,152.0,5.5,26.48,2.4,0.57,2.3,0.89,15.0,,47,67,23,56,Verified,"Carbs and sugar converted from monosaccharide equivalents to weight; Fibre is NSP (Englyst method), reads lower than AOAC fibre used by IFCT and USDA"
GL602,Rice and pigeon peas,Global,Global (UK dataset),CoFID 2019 (UK),15-858,"Rice and pigeon peas, brown rice",As sold / as eaten,157.0,5.2,28.03,,0.76,2.3,0.9,17.0,,43,60,21,61,Verified,Carbs and sugar converted from monosaccharide equivalents to weight
GL603,Okra with tomato and onion,Global,Global (UK dataset),CoFID 2019 (UK),15-824,"Okra with tomatoes and onion, Greek, homemade",As sold / as eaten,180.0,2.8,4.74,4.1,4.0,16.7,2.53,8.0,,70,71,16,19,Verified,"Carbs and sugar converted from monosaccharide equivalents to weight; Fibre is NSP (Englyst method), reads lower than AOAC fibre used by IFCT and USDA"
GL604,Vegetable risotto (brown rice),Global,Global (UK dataset),CoFID 2019 (UK),15-864,"Risotto, vegetable, brown rice",As sold / as eaten,136.0,4.0,15.81,2.4,1.71,6.2,0.72,74.0,,50,69,19,42,Verified,"Carbs and sugar converted from monosaccharide equivalents to weight; Fibre is NSP (Englyst method), reads lower than AOAC fibre used by IFCT and USDA"
GL605,Garlic mushrooms,Global,Global (UK dataset),CoFID 2019 (UK),15-642,"Garlic mushrooms, not coated, homemade",As sold / as eaten,134.0,1.2,0.49,1.3,0.4,14.1,8.85,128.0,,52,67,9,19,"Verified, with explanation","Carbs and sugar converted from monosaccharide equivalents to weight; Fibre is NSP (Englyst method), reads lower than AOAC fibre used by IFCT and USDA"
